"GenSp","mass_g"
"Xyleborus perforans",10.1303636585476
"Xyleborus perforans",10.0568407965733
"Xyleborus perforans",10.148383918563
"Xyleborus perforans",10.2023380511599
"Xyleborus perforans",10.1471943410005
"Agrotis chersotoides",24.2553890460567
"Agrotis chersotoides",24.2972366469242
"Agrotis chersotoides",24.3439752011112
"Agrotis chersotoides",24.2845976326352
"Agrotis chersotoides",24.1942831138005
"Oligotoma saundersii",4.26398832157517
"Oligotoma saundersii",4.16152937372789
"Oligotoma saundersii",4.17682994352396
"Oligotoma saundersii",4.30103541972658
"Oligotoma saundersii",4.16483755737971
"Drosophila humeralis",15.0347800199482
"Drosophila humeralis",14.9088434939994
"Drosophila humeralis",14.9630190553263
"Drosophila humeralis",14.9798184318938
"Drosophila humeralis",14.9143457928538
"Entomobrya griseoolivata",29.7378692700949
"Entomobrya griseoolivata",29.7740947087679
"Entomobrya griseoolivata",29.8159180671982
"Entomobrya griseoolivata",29.6771375806862
"Entomobrya griseoolivata",29.7549082521625
"Pseudosinella kalalauensis",17.7068481917846
"Pseudosinella kalalauensis",17.6294109356774
"Pseudosinella kalalauensis",17.6752139400046
"Pseudosinella kalalauensis",17.6910537485407
"Pseudosinella kalalauensis",17.6776378962406
"Thyrocopa usitata",6.17258491924941
"Thyrocopa usitata",6.12619209916262
"Thyrocopa usitata",6.10879595897748
"Thyrocopa usitata",5.97550214411298
"Thyrocopa usitata",6.1279718218269
"Oligota kauaiensis",4.08347950838522
"Oligota kauaiensis",4.08976398406483
"Oligota kauaiensis",4.02455549741788
"Oligota kauaiensis",4.16414542721437
"Oligota kauaiensis",4.07487851168198
"Scotorythra arboricolans",24.6661177114761
"Scotorythra arboricolans",24.7346308571313
"Scotorythra arboricolans",24.6156105940965
"Scotorythra arboricolans",24.6316411803962
"Scotorythra arboricolans",24.8019025093284
"Necrobia ruficollis",16.8227315003313
"Necrobia ruficollis",16.9197325267546
"Necrobia ruficollis",16.7360618977391
"Necrobia ruficollis",16.8106756602601
"Necrobia ruficollis",16.8446910065744
"Agrotis xiphias",17.1776551237495
"Agrotis xiphias",17.0995925414575
"Agrotis xiphias",17.1608681299005
"Agrotis xiphias",17.0953007567708
"Agrotis xiphias",17.2023271770314
"Thrips hawaiiensis",14.9053798837565
"Thrips hawaiiensis",14.7074985821163
"Thrips hawaiiensis",14.9144028639239
"Thrips hawaiiensis",14.7663257469801
"Thrips hawaiiensis",14.8677136279178
"Psammoechus insularis",10.1888788931288
"Psammoechus insularis",10.1374743474427
"Psammoechus insularis",10.1108556633232
"Psammoechus insularis",10.1593092652016
"Psammoechus insularis",10.1756609134323
"Nabis lolupe",25.4183430395516
"Nabis lolupe",25.2428294867589
"Nabis lolupe",25.267698415305
"Nabis lolupe",25.4510525635803
"Nabis lolupe",25.4281078380985
"Peridroma coniotis",20.8853152316203
"Peridroma coniotis",20.9020490261186
"Peridroma coniotis",20.9141258228592
"Peridroma coniotis",20.700201539107
"Peridroma coniotis",20.9256708528195
"Cardiocondyla wroughtonii",13.5573889489731
"Cardiocondyla wroughtonii",13.6001729019792
"Cardiocondyla wroughtonii",13.5687383324437
"Cardiocondyla wroughtonii",13.6385172818229
"Cardiocondyla wroughtonii",13.5655508013008
"Scholastes bimaculatus",10.7164846541277
"Scholastes bimaculatus",10.6621268454818
"Scholastes bimaculatus",10.6201501504082
"Scholastes bimaculatus",10.7578278752399
"Scholastes bimaculatus",10.7297810929838
"Coccygomimus punicipes",12.5342979102117
"Coccygomimus punicipes",12.4351045442636
"Coccygomimus punicipes",12.4984698898323
"Coccygomimus punicipes",12.549313861701
"Coccygomimus punicipes",12.4143801610597
"Carposina viridis",7.29567539859954
"Carposina viridis",7.36046073289235
"Carposina viridis",7.36197396535196
"Carposina viridis",7.38383942807855
"Carposina viridis",7.47714472576485
"Cheyletus eruditus",13.3485487418177
"Cheyletus eruditus",13.3903488446378
"Cheyletus eruditus",13.3544353748196
"Cheyletus eruditus",13.369270647048
"Cheyletus eruditus",13.3868245716561
"Nabis blackburni",4.30228753205439
"Nabis blackburni",4.23013063445321
"Nabis blackburni",4.26549616825643
"Nabis blackburni",4.26944317932049
"Nabis blackburni",4.27756904536878
"Drosophila papaalai",6.60201439671311
"Drosophila papaalai",6.73362241276697
"Drosophila papaalai",6.61357949326899
"Drosophila papaalai",6.63003127853809
"Drosophila papaalai",6.72029998436903
"Friesea oleia",6.85568832776818
"Friesea oleia",6.71315121900145
"Friesea oleia",6.72612030085835
"Friesea oleia",6.69712304872671
"Friesea oleia",6.78919085867089
"Heterocrossa plumbeonitida",11.7172085473436
"Heterocrossa plumbeonitida",11.7291225621291
"Heterocrossa plumbeonitida",11.7403651197751
"Heterocrossa plumbeonitida",11.6713677197337
"Heterocrossa plumbeonitida",11.6479427688118
"Xyleborus vulcanus",11.940342949731
"Xyleborus vulcanus",11.9238582108686
"Xyleborus vulcanus",11.7887256180391
"Xyleborus vulcanus",11.8732657967283
"Xyleborus vulcanus",11.8253882205465
"Carposina olivaceonitens",12.9245218897307
"Carposina olivaceonitens",13.0573014611206
"Carposina olivaceonitens",13.0435903627656
"Carposina olivaceonitens",13.0425047740108
"Carposina olivaceonitens",13.0612493511073
"Trigonidium novena",20.875905401401
"Trigonidium novena",20.8354374095152
"Trigonidium novena",20.7862903741332
"Trigonidium novena",20.7792137626172
"Trigonidium novena",20.8152652055363
"Laupala kanaele",19.6460722204494
"Laupala kanaele",19.5653776560477
"Laupala kanaele",19.6165178837735
"Laupala kanaele",19.6853673446128
"Laupala kanaele",19.6210634281059
"Nesodynerus sandwichensis",18.4102083420447
"Nesodynerus sandwichensis",18.4354669503146
"Nesodynerus sandwichensis",18.5186065926092
"Nesodynerus sandwichensis",18.4848504906662
"Nesodynerus sandwichensis",18.5259022550352
"Hypocala deflorata",13.5488445066771
"Hypocala deflorata",13.5650574223926
"Hypocala deflorata",13.5071396913576
"Hypocala deflorata",13.5767216316761
"Hypocala deflorata",13.5102559993829
"Trigonidium flelectens",16.1415116384625
"Trigonidium flelectens",16.2340955441879
"Trigonidium flelectens",16.3427801177762
"Trigonidium flelectens",16.2743275988584
"Trigonidium flelectens",16.2961103942369
"Trigonidium flectens",6.37762911300551
"Trigonidium flectens",6.31979024765116
"Trigonidium flectens",6.34408274475859
"Trigonidium flectens",6.33983742317526
"Trigonidium flectens",6.32815192365407
"Nesiomiris seminotatus",12.529419314965
"Nesiomiris seminotatus",12.4157321985792
"Nesiomiris seminotatus",12.5391167226872
"Nesiomiris seminotatus",12.5389843750969
"Nesiomiris seminotatus",12.415656935118
"Syntormon distortitarsis",12.8383597303697
"Syntormon distortitarsis",12.9454226612163
"Syntormon distortitarsis",12.7668119944502
"Syntormon distortitarsis",12.8506407440682
"Syntormon distortitarsis",12.7533606997896
"Proterhinus setiger",24.5651383331781
"Proterhinus setiger",24.5136683664716
"Proterhinus setiger",24.597495379174
"Proterhinus setiger",24.4115043476563
"Proterhinus setiger",24.4956651024659
"Aedes nocturnus",6.82529447935615
"Aedes nocturnus",6.84500393132265
"Aedes nocturnus",6.81915711463238
"Aedes nocturnus",6.8069447010541
"Aedes nocturnus",6.89139800115493
"Laupala wailua",17.1183962304868
"Laupala wailua",17.2721455752586
"Laupala wailua",17.1124996702087
"Laupala wailua",17.1894628224363
"Laupala wailua",17.2152855007694
"Dacnitus currax",8.18736431326001
"Dacnitus currax",8.13424450178753
"Dacnitus currax",8.15703827457428
"Dacnitus currax",8.20975632554195
"Dacnitus currax",8.06520712249354
"Drosophila ornata",13.3363354409386
"Drosophila ornata",13.4022293773763
"Drosophila ornata",13.3564811852552
"Drosophila ornata",13.4649820759777
"Drosophila ornata",13.4233253677287
"Schrankia simplex",10.9572875356639
"Schrankia simplex",10.8628283699665
"Schrankia simplex",10.9545333490557
"Schrankia simplex",10.9340552861871
"Schrankia simplex",10.9468538839354
"Schrankia simplllex",13.6103826847336
"Schrankia simplllex",13.7108380956085
"Schrankia simplllex",13.618908499688
"Schrankia simplllex",13.6674995809797
"Schrankia simplllex",13.7038291150039
"Brontolaemus nudicornis",16.0949153531668
"Brontolaemus nudicornis",16.1766149310042
"Brontolaemus nudicornis",16.0630491214988
"Brontolaemus nudicornis",15.9737710982804
"Brontolaemus nudicornis",16.1695586467715
"Hyposmocoma divisa",7.30078920442297
"Hyposmocoma divisa",7.23344583454552
"Hyposmocoma divisa",7.28067599393415
"Hyposmocoma divisa",7.18142675849784
"Hyposmocoma divisa",7.24293386577159
"Bembidion munroi brevicolle",4.69275264751812
"Bembidion munroi brevicolle",4.87944995350891
"Bembidion munroi brevicolle",4.92002928762328
"Bembidion munroi brevicolle",4.87304264591704
"Bembidion munroi brevicolle",4.80719551081389
"Oliarus kauaiensis",7.13539589974652
"Oliarus kauaiensis",7.04674725569859
"Oliarus kauaiensis",7.18464351738002
"Oliarus kauaiensis",7.12478942891227
"Oliarus kauaiensis",7.09812383483945
"Hyposmocoma sordidella",15.5781684873945
"Hyposmocoma sordidella",15.644667545783
"Hyposmocoma sordidella",15.6118265427969
"Hyposmocoma sordidella",15.6388521673476
"Hyposmocoma sordidella",15.5897926531818
"Holcobius frater",17.0859840612914
"Holcobius frater",16.9841311412503
"Holcobius frater",17.0493557950793
"Holcobius frater",16.8295396646573
"Holcobius frater",16.9579924777958
"Carulaspis giffardi",10.4528991691364
"Carulaspis giffardi",10.4201690564121
"Carulaspis giffardi",10.585751695449
"Carulaspis giffardi",10.408668653892
"Carulaspis giffardi",10.5123199817292
"Trigonidium octonalis",34.7612822950906
"Trigonidium octonalis",34.7213297619158
"Trigonidium octonalis",34.6583472423111
"Trigonidium octonalis",34.7669459036807
"Trigonidium octonalis",34.7208752535894
"Hemiberlesia rapax",5.73152787154244
"Hemiberlesia rapax",5.71212388206672
"Hemiberlesia rapax",5.91987028528599
"Hemiberlesia rapax",5.75454561309733
"Hemiberlesia rapax",5.684172035407
"Decadarchis penicillata",16.3954120628924
"Decadarchis penicillata",16.3820777870591
"Decadarchis penicillata",16.2825880989178
"Decadarchis penicillata",16.2473661657712
"Decadarchis penicillata",16.3565766059155
"Tempyra biguttula",17.6231081267407
"Tempyra biguttula",17.5930189101927
"Tempyra biguttula",17.5255155374046
"Tempyra biguttula",17.5051131223926
"Tempyra biguttula",17.5711931740018
"Spolas delicata",14.4088644700077
"Spolas delicata",14.437105434984
"Spolas delicata",14.3757931274916
"Spolas delicata",14.4532265814328
"Spolas delicata",14.3497849032127
"Udea calliastra",21.732432722544
"Udea calliastra",21.7964862428184
"Udea calliastra",21.811382636142
"Udea calliastra",21.6362973682637
"Udea calliastra",21.7586036593649
"Disenochus erythropus",33.5806733985253
"Disenochus erythropus",33.4575355747093
"Disenochus erythropus",33.5730114705911
"Disenochus erythropus",33.4947620495195
"Disenochus erythropus",33.6052742584818
"Paralabella curvicauda",10.5987651356832
"Paralabella curvicauda",10.6125502757932
"Paralabella curvicauda",10.5737882921006
"Paralabella curvicauda",10.618205909854
"Paralabella curvicauda",10.6491078632832
"Quadristruma emmae",8.18807393831969
"Quadristruma emmae",8.06881990335749
"Quadristruma emmae",7.93605319613939
"Quadristruma emmae",8.07240241303685
"Quadristruma emmae",8.08280748279359
"Thyrocopa brevipalpis",9.18650552121179
"Thyrocopa brevipalpis",9.22976953761624
"Thyrocopa brevipalpis",9.25621873800351
"Thyrocopa brevipalpis",9.16482448161957
"Thyrocopa brevipalpis",9.17821005461203
"Chrysomphalus dictyospermi",19.0415915758024
"Chrysomphalus dictyospermi",18.9849094096188
"Chrysomphalus dictyospermi",19.0232623391172
"Chrysomphalus dictyospermi",18.9005208050645
"Chrysomphalus dictyospermi",18.95085010335
"Orthellia caesarion",13.8742721480516
"Orthellia caesarion",13.9026191383375
"Orthellia caesarion",13.9122041653763
"Orthellia caesarion",13.9765118077635
"Orthellia caesarion",14.0123726134248
"Polypedilum nubiferum",6.31164865056591
"Polypedilum nubiferum",6.29553867553957
"Polypedilum nubiferum",6.2928572290024
"Polypedilum nubiferum",6.33034976200646
"Polypedilum nubiferum",6.34084597455245
"Neelus minutus",8.78416376770529
"Neelus minutus",8.73603855288126
"Neelus minutus",8.63098269045395
"Neelus minutus",8.74978305588458
"Neelus minutus",8.82622817330685
"Hyposmocoma palmivora",14.1144108934109
"Hyposmocoma palmivora",13.9959985769115
"Hyposmocoma palmivora",13.9506312867913
"Hyposmocoma palmivora",14.1901288876507
"Hyposmocoma palmivora",14.0334576974456
"Oceanides humeralis",17.0257891721771
"Oceanides humeralis",17.0567604395247
"Oceanides humeralis",16.9351166775817
"Oceanides humeralis",16.9880773561221
"Oceanides humeralis",16.9395168359175
"Schrankia altivolans",11.3221850119824
"Schrankia altivolans",11.3707288367982
"Schrankia altivolans",11.2820310710187
"Schrankia altivolans",11.3988965533551
"Schrankia altivolans",11.3809222236721
"Oxytelus advena",8.78576136831345
"Oxytelus advena",8.85335313692818
"Oxytelus advena",8.88454745707724
"Oxytelus advena",8.90326167912614
"Oxytelus advena",8.82709621936873
"Cligenes marianensis",16.5873098662095
"Cligenes marianensis",16.5877237522939
"Cligenes marianensis",16.6790890415832
"Cligenes marianensis",16.6601729916692
"Cligenes marianensis",16.6427946398424
"Pseudopterocheilus relictus",23.3938681230529
"Pseudopterocheilus relictus",23.4333624556513
"Pseudopterocheilus relictus",23.4351589937254
"Pseudopterocheilus relictus",23.3487687290762
"Pseudopterocheilus relictus",23.3077170016457
"Pararrhaptica dermatopa",17.4843562010207
"Pararrhaptica dermatopa",17.3545498832998
"Pararrhaptica dermatopa",17.4460836724404
"Pararrhaptica dermatopa",17.4609446148484
"Pararrhaptica dermatopa",17.4796950367158
"Tenuipalpus pacificus",11.6785080051512
"Tenuipalpus pacificus",11.6233675049621
"Tenuipalpus pacificus",11.7261547581015
"Tenuipalpus pacificus",11.7711307162685
"Tenuipalpus pacificus",11.719865923552
"Lycaena boetica",15.4707361711181
"Lycaena boetica",15.6706182080813
"Lycaena boetica",15.5835901038026
"Lycaena boetica",15.6183246608867
"Lycaena boetica",15.6241311270225
"Plagithmysus sugawai",10.5745014771175
"Plagithmysus sugawai",10.575782289905
"Plagithmysus sugawai",10.6412145643461
"Plagithmysus sugawai",10.6228267170252
"Plagithmysus sugawai",10.6394870250596
"Clunio vagans",15.9859659699669
"Clunio vagans",15.8832210960352
"Clunio vagans",15.8558962910818
"Clunio vagans",15.7113300965792
"Clunio vagans",16.0044274846991
"Hyposmocoma centralis",9.6665893510075
"Hyposmocoma centralis",9.83742585825635
"Hyposmocoma centralis",9.71784609827541
"Hyposmocoma centralis",9.78742559028682
"Hyposmocoma centralis",9.6888879570935
"Epiphyas postvittana",25.3713659047682
"Epiphyas postvittana",25.3535784622887
"Epiphyas postvittana",25.3296588961831
"Epiphyas postvittana",25.3335885190497
"Epiphyas postvittana",25.4013410070448
"Conioscinella formosa",10.7339008043879
"Conioscinella formosa",10.6241181742008
"Conioscinella formosa",10.7342337529658
"Conioscinella formosa",10.7782179586536
"Conioscinella formosa",10.7828015475383
"Dialeurodes kirkaldyi",27.8547659083667
"Dialeurodes kirkaldyi",27.7167371361498
"Dialeurodes kirkaldyi",27.8399491112036
"Dialeurodes kirkaldyi",27.8757686213961
"Dialeurodes kirkaldyi",27.8942260803772
"Cryptophlebia ombrodelta",12.2782848854495
"Cryptophlebia ombrodelta",12.2724896378601
"Cryptophlebia ombrodelta",12.3806882713757
"Cryptophlebia ombrodelta",12.1920140068277
"Cryptophlebia ombrodelta",12.2656178582332
"Campsicnemus penicillatus",15.4356101433467
"Campsicnemus penicillatus",15.3115376956591
"Campsicnemus penicillatus",15.4249779414056
"Campsicnemus penicillatus",15.5205319347917
"Campsicnemus penicillatus",15.4080170120569
"Mesovelia mulsanti",30.4581572016765
"Mesovelia mulsanti",30.5031987960949
"Mesovelia mulsanti",30.4581202444961
"Mesovelia mulsanti",30.5234360701728
"Mesovelia mulsanti",30.5288787992565
"Evaza javanensis",14.2835735323941
"Evaza javanensis",14.2130615288765
"Evaza javanensis",14.2045999383031
"Evaza javanensis",14.2479589800464
"Evaza javanensis",14.331085717428
"Mesothriscus optimus",24.0684436980732
"Mesothriscus optimus",24.0727411997467
"Mesothriscus optimus",24.1464315790159
"Mesothriscus optimus",24.2090989609333
"Mesothriscus optimus",24.1308996997381
"Chrysoperla comanche",10.1852791728166
"Chrysoperla comanche",10.1521942126139
"Chrysoperla comanche",10.122060913091
"Chrysoperla comanche",10.1812183753879
"Chrysoperla comanche",10.1554822187372
"Cardiocondyla venustula",13.6384096710039
"Cardiocondyla venustula",13.6788885621907
"Cardiocondyla venustula",13.7037838393975
"Cardiocondyla venustula",13.6863720253818
"Cardiocondyla venustula",13.6257302992425
"Scaptomyza hardyi",17.6381456120675
"Scaptomyza hardyi",17.6559462821823
"Scaptomyza hardyi",17.6035331748508
"Scaptomyza hardyi",17.5956311128703
"Scaptomyza hardyi",17.5824940965919
"Tinostoma smaragditis",18.3494286137486
"Tinostoma smaragditis",18.2367238285512
"Tinostoma smaragditis",18.2107397592523
"Tinostoma smaragditis",18.0702624378617
"Tinostoma smaragditis",18.1266199649862
"Aleurothrixus floccosus",12.3252520487948
"Aleurothrixus floccosus",12.3422296425925
"Aleurothrixus floccosus",12.3464493251907
"Aleurothrixus floccosus",12.3790114619451
"Aleurothrixus floccosus",12.318288088257
"Nipponorthezia guadalcanalia",10.0981385110339
"Nipponorthezia guadalcanalia",9.97042687943335
"Nipponorthezia guadalcanalia",9.95327234960791
"Nipponorthezia guadalcanalia",9.95204411474769
"Nipponorthezia guadalcanalia",10.0699015296267
"Phidippus audax",17.8647589155929
"Phidippus audax",17.9169374297943
"Phidippus audax",17.8537110576667
"Phidippus audax",17.8343289180385
"Phidippus audax",17.8476937104551
"Diplonevra peregrina",11.9712463317895
"Diplonevra peregrina",12.012081052341
"Diplonevra peregrina",11.9957938722129
"Diplonevra peregrina",12.1450439509182
"Diplonevra peregrina",12.0462963546063
"Holcobius insignis",18.2038710050701
"Holcobius insignis",18.2473381053464
"Holcobius insignis",18.145205775975
"Holcobius insignis",18.1736437585199
"Holcobius insignis",18.0519801005815
"Holcobius insignigis",16.2953728146402
"Holcobius insignigis",16.3476796776791
"Holcobius insignigis",16.3622003068814
"Holcobius insignigis",16.2989164985935
"Holcobius insignigis",16.504838833636
"Dyscritomyia fulgens",14.7745698404732
"Dyscritomyia fulgens",14.8058166223927
"Dyscritomyia fulgens",14.8408248901567
"Dyscritomyia fulgens",14.8004201027396
"Dyscritomyia fulgens",14.763498619597
"Contarinia sorghicola",9.67839530367028
"Contarinia sorghicola",9.71248831072308
"Contarinia sorghicola",9.61412413356812
"Contarinia sorghicola",9.64951581671337
"Contarinia sorghicola",9.61007543545211
"Hawaiodillo sharpi",22.1833797330207
"Hawaiodillo sharpi",22.0534848075591
"Hawaiodillo sharpi",22.2613663976771
"Hawaiodillo sharpi",22.0865253506604
"Hawaiodillo sharpi",22.0353883106189
"Hyposmocoma petroptilota",21.0981256284826
"Hyposmocoma petroptilota",21.1278772900289
"Hyposmocoma petroptilota",21.2161777003628
"Hyposmocoma petroptilota",21.1735846415426
"Hyposmocoma petroptilota",21.1276231915041
"Onychiurus folsomi",17.2263049581918
"Onychiurus folsomi",17.2576002922793
"Onychiurus folsomi",17.2996158837987
"Onychiurus folsomi",17.4620163940703
"Onychiurus folsomi",17.1981605105645
"Drosophila spectabilis",8.39740855356929
"Drosophila spectabilis",8.2982641770666
"Drosophila spectabilis",8.42939087010067
"Drosophila spectabilis",8.26167644791693
"Drosophila spectabilis",8.33837283810393
"Mecaphesa hiatus",9.3437406303448
"Mecaphesa hiatus",9.46349833011125
"Mecaphesa hiatus",9.49819060792354
"Mecaphesa hiatus",9.52610771294574
"Mecaphesa hiatus",9.45716592759729
"Cis immaturus",15.8635113238347
"Cis immaturus",15.827827817823
"Cis immaturus",15.7454232522234
"Cis immaturus",15.7818283774925
"Cis immaturus",15.6951949092032
"Campsicnemus ephydrus",9.42638800249945
"Campsicnemus ephydrus",9.51045866017888
"Campsicnemus ephydrus",9.46982255249504
"Campsicnemus ephydrus",9.46480480716257
"Campsicnemus ephydrus",9.37539381169069
"Campsicnemus philohydratus",4.39062402709376
"Campsicnemus philohydratus",4.38105253499259
"Campsicnemus philohydratus",4.45039976902444
"Campsicnemus philohydratus",4.36754651995666
"Campsicnemus philohydratus",4.46036900932568
"Eurynogaster variabilis",7.22799437430657
"Eurynogaster variabilis",7.40406437011239
"Eurynogaster variabilis",7.32227918221246
"Eurynogaster variabilis",7.25283072386546
"Eurynogaster variabilis",7.30915318627712
"Gymnochiromyia hawaiiensis",3.84257393804914
"Gymnochiromyia hawaiiensis",3.88583599290076
"Gymnochiromyia hawaiiensis",3.87820624067131
"Gymnochiromyia hawaiiensis",3.80301511068918
"Gymnochiromyia hawaiiensis",3.81633570645306
"Caryedon serratus",11.823551419117
"Caryedon serratus",11.9036338159442
"Caryedon serratus",11.8704857304817
"Caryedon serratus",11.7682984524406
"Caryedon serratus",11.8550191457356
"Stoeberhinus testaceus",12.1327310044822
"Stoeberhinus testaceus",12.1536494542127
"Stoeberhinus testaceus",12.1512010410051
"Stoeberhinus testaceus",12.2896135830641
"Stoeberhinus testaceus",12.0647697219624
"Nesomicromus brunnescens",14.5220181452051
"Nesomicromus brunnescens",14.4095646554169
"Nesomicromus brunnescens",14.551249045838
"Nesomicromus brunnescens",14.5815475349015
"Nesomicromus brunnescens",14.6024164668117
"Proterhinus comes",7.62565041018838
"Proterhinus comes",7.76542768231507
"Proterhinus comes",7.8360124249908
"Proterhinus comes",7.71599653760117
"Proterhinus comes",7.72806549148851
"Cephalops titanus",5.60606378443268
"Cephalops titanus",5.6300716737813
"Cephalops titanus",5.64801625778587
"Cephalops titanus",5.6870370028129
"Cephalops titanus",5.60253930961301
"Vespula pensylvanica",11.8847730927136
"Vespula pensylvanica",12.0217885021477
"Vespula pensylvanica",11.8988123652866
"Vespula pensylvanica",11.8843231981879
"Vespula pensylvanica",11.7927892885793
"Canaceoides angulatus",2.60169075256443
"Canaceoides angulatus",2.58828753651532
"Canaceoides angulatus",2.60085959885978
"Canaceoides angulatus",2.56711741373347
"Canaceoides angulatus",2.56045724354192
"Tetragnatha acuta",9.50634555640632
"Tetragnatha acuta",9.53661394668212
"Tetragnatha acuta",9.6312353205205
"Tetragnatha acuta",9.61216046649414
"Tetragnatha acuta",9.5279166731795
"Forcipomyia ingrami",6.58791883849489
"Forcipomyia ingrami",6.6382197467609
"Forcipomyia ingrami",6.66134678726695
"Forcipomyia ingrami",6.69491120879935
"Forcipomyia ingrami",6.64909958326732
"Buenoa pallipes",9.99206089912151
"Buenoa pallipes",9.8558090677083
"Buenoa pallipes",9.7995088825248
"Buenoa pallipes",9.86364153044822
"Buenoa pallipes",9.8119785034821
"Mecyclothorax unctus",6.06265669422654
"Mecyclothorax unctus",6.06728887787187
"Mecyclothorax unctus",6.07458016045946
"Mecyclothorax unctus",5.95635429713124
"Mecyclothorax unctus",6.06651628893299
"Oeobia heterodoxa",6.06563600313998
"Oeobia heterodoxa",5.96211104455101
"Oeobia heterodoxa",6.10419366981829
"Oeobia heterodoxa",6.09395842208139
"Oeobia heterodoxa",6.18456277579389
"Ephydra millbrae",2.29942822943166
"Ephydra millbrae",2.29285346825932
"Ephydra millbrae",2.29583399585285
"Ephydra millbrae",2.29423052807291
"Ephydra millbrae",2.17954447474694
"Lispocephala xanthopleura",2.93624520165979
"Lispocephala xanthopleura",3.03152130035621
"Lispocephala xanthopleura",3.00141676889502
"Lispocephala xanthopleura",3.03942967572682
"Lispocephala xanthopleura",2.90993399176783
"Araecerus vieillardi",9.72096071310341
"Araecerus vieillardi",9.74470905696163
"Araecerus vieillardi",9.86951723433696
"Araecerus vieillardi",9.74488802573638
"Araecerus vieillardi",9.76276295347215
"Carpophilus maculatus",17.0678923397855
"Carpophilus maculatus",17.043820824536
"Carpophilus maculatus",17.0718707779822
"Carpophilus maculatus",17.2009300100314
"Carpophilus maculatus",16.9958800570663
"Carposina mauii",2.99433347466751
"Carposina mauii",2.98170105799834
"Carposina mauii",3.10301845568699
"Carposina mauii",2.96659132089266
"Carposina mauii",3.00768889299914
"Carposina mauiii",1.01779638828389
"Carposina mauiii",0.907445791911564
"Carposina mauiii",1.06969416216787
"Carposina mauiii",1.01113782112486
"Carposina mauiii",0.906512151295489
"Odynerus nigripennis",8.32534542422061
"Odynerus nigripennis",8.28541448287027
"Odynerus nigripennis",8.31689456739333
"Odynerus nigripennis",8.29278814908948
"Odynerus nigripennis",8.3621706186829
"Chlorococcus straussiae",3.6546334584944
"Chlorococcus straussiae",3.70416614142435
"Chlorococcus straussiae",3.72051350530565
"Chlorococcus straussiae",3.67587593406223
"Chlorococcus straussiae",3.67323595336677
"Nysius beardsleyi",6.9268267084725
"Nysius beardsleyi",6.91999932071581
"Nysius beardsleyi",6.77548374357733
"Nysius beardsleyi",6.99011462268288
"Nysius beardsleyi",6.94283208726201
"Neseis haleakalae",9.40945071831062
"Neseis haleakalae",9.30595860636319
"Neseis haleakalae",9.23827012730094
"Neseis haleakalae",9.43224061178478
"Neseis haleakalae",9.43432328998252
"Drosophila lemniscata",5.60295377802781
"Drosophila lemniscata",5.70385917700827
"Drosophila lemniscata",5.66318723830107
"Drosophila lemniscata",5.68700034657122
"Drosophila lemniscata",5.68942122307258
"Drosophila disticha",4.5092390127077
"Drosophila disticha",4.60175904020613
"Drosophila disticha",4.68926697534595
"Drosophila disticha",4.57487397706968
"Drosophila disticha",4.57494352707499
"Eurynogaster spiniger",11.5766029879178
"Eurynogaster spiniger",11.5466989017504
"Eurynogaster spiniger",11.3944275305263
"Eurynogaster spiniger",11.5066511174579
"Eurynogaster spiniger",11.5918472314865
"Leucania striata",3.7093406455266
"Leucania striata",3.64983301037935
"Leucania striata",3.6678450390174
"Leucania striata",3.55316394724428
"Leucania striata",3.64266931122584
"Neoclytarlus railliardiae",13.1898934935922
"Neoclytarlus railliardiae",13.2195736829277
"Neoclytarlus railliardiae",13.3028943630057
"Neoclytarlus railliardiae",13.1789856752821
"Neoclytarlus railliardiae",13.2629155631965
"Myllaena vicina",9.61004485214917
"Myllaena vicina",9.58771912846222
"Myllaena vicina",9.69337958403143
"Myllaena vicina",9.52331285951339
"Myllaena vicina",9.62067490205386
"Atheta coriaria",5.30156358949921
"Atheta coriaria",5.29128607728076
"Atheta coriaria",5.33462718980575
"Atheta coriaria",5.24587364658351
"Atheta coriaria",5.22835300124862
"Hofmannophila pseudospretella",8.39195822557907
"Hofmannophila pseudospretella",8.52625440718503
"Hofmannophila pseudospretella",8.42485584770232
"Hofmannophila pseudospretella",8.44133735029479
"Hofmannophila pseudospretella",8.41017144005772
"Prognathogryllus kukui",16.5764209058479
"Prognathogryllus kukui",16.4913932712124
"Prognathogryllus kukui",16.6175196566881
"Prognathogryllus kukui",16.5832493480113
"Prognathogryllus kukui",16.500075963691
"Phenacoccus madeirensis",3.28951450444068
"Phenacoccus madeirensis",3.32908035082784
"Phenacoccus madeirensis",3.31959806988977
"Phenacoccus madeirensis",3.37485354018116
"Phenacoccus madeirensis",3.2496041269771
"Proterhinus ruficollis",6.93984293043263
"Proterhinus ruficollis",6.93508455411431
"Proterhinus ruficollis",6.86339789305391
"Proterhinus ruficollis",6.81476441656748
"Proterhinus ruficollis",6.80799540464348
"Cheiracanthium diversum",6.00609510010527
"Cheiracanthium diversum",5.97447285509307
"Cheiracanthium diversum",6.08509280756472
"Cheiracanthium diversum",6.0107196965057
"Cheiracanthium diversum",5.95648779416024
"Cydia plicata",3.43844712648933
"Cydia plicata",3.46494124079052
"Cydia plicata",3.52026170173334
"Cydia plicata",3.47280128038048
"Cydia plicata",3.53050573619099
"Remaudiereana nigriceps",3.78809396781645
"Remaudiereana nigriceps",3.80177196219861
"Remaudiereana nigriceps",3.76440799361669
"Remaudiereana nigriceps",3.92198022547882
"Remaudiereana nigriceps",3.82796959596502
"Metaphycus lounsburyi",8.74238660246131
"Metaphycus lounsburyi",8.62744603227705
"Metaphycus lounsburyi",8.76804475393389
"Metaphycus lounsburyi",8.66739813073005
"Metaphycus lounsburyi",8.675296134385
"Udea heterodoxa",5.44490836232599
"Udea heterodoxa",5.36293767228891
"Udea heterodoxa",5.28547315114805
"Udea heterodoxa",5.49582088798093
"Udea heterodoxa",5.24786495912901
"Hylaeus facilis",4.16444708753912
"Hylaeus facilis",4.19101875446975
"Hylaeus facilis",4.0924765418391
"Hylaeus facilis",4.15676297458914
"Hylaeus facilis",4.15645467237627
"Plagithmysus simillimus",5.81507163805226
"Plagithmysus simillimus",5.78179866530067
"Plagithmysus simillimus",5.73821483549761
"Plagithmysus simillimus",5.80762029942459
"Plagithmysus simillimus",5.80072267317081
"Macrosiphum solanifolii",7.17503820060617
"Macrosiphum solanifolii",7.14728390305091
"Macrosiphum solanifolii",7.24061553704959
"Macrosiphum solanifolii",7.2146535678375
"Macrosiphum solanifolii",7.17211041892332
"Orthezia insignis",11.7739209520651
"Orthezia insignis",11.689984138201
"Orthezia insignis",11.7785422403979
"Orthezia insignis",11.7315402849528
"Orthezia insignis",11.8261291045839
"Anisolabis eteronoma",7.46560142838139
"Anisolabis eteronoma",7.26588432635573
"Anisolabis eteronoma",7.3838828516493
"Anisolabis eteronoma",7.36998147453087
"Anisolabis eteronoma",7.31645140664117
"Omiodes blackburni",10.0785872446291
"Omiodes blackburni",10.1998926373151
"Omiodes blackburni",9.98580885285401
"Omiodes blackburni",10.0672546839572
"Omiodes blackburni",10.0198046887601
"Pentamerismus oregonensis",5.33988841623165
"Pentamerismus oregonensis",5.24506497925656
"Pentamerismus oregonensis",5.22509799652361
"Pentamerismus oregonensis",5.44683155637869
"Pentamerismus oregonensis",5.25347500909124
"Trigonidium pseudokua",9.87744230936949
"Trigonidium pseudokua",9.92190090865481
"Trigonidium pseudokua",9.81020117203982
"Trigonidium pseudokua",9.93328661861306
"Trigonidium pseudokua",9.89822349414751
"Sinella kukae",10.053591773604
"Sinella kukae",9.9668468436005
"Sinella kukae",9.96441869553449
"Sinella kukae",9.98412269920649
"Sinella kukae",9.97966407749345
"Sigmatineurum nigrum",13.120607230031
"Sigmatineurum nigrum",13.1373533488693
"Sigmatineurum nigrum",13.033560604401
"Sigmatineurum nigrum",13.0214809320766
"Sigmatineurum nigrum",13.0232684323123
"Lispocephala pollinosa",5.01399743803613
"Lispocephala pollinosa",5.0156516144512
"Lispocephala pollinosa",5.02719831696109
"Lispocephala pollinosa",4.96521617619281
"Lispocephala pollinosa",4.95922446008119
"Liancalus metallicus",16.5388887342763
"Liancalus metallicus",16.4345179968863
"Liancalus metallicus",16.485437106151
"Liancalus metallicus",16.4639127599635
"Liancalus metallicus",16.4100517757729
"Athesapeuta cyperi",9.46341006296994
"Athesapeuta cyperi",9.43842160076401
"Athesapeuta cyperi",9.51176121768636
"Athesapeuta cyperi",9.4350947272381
"Athesapeuta cyperi",9.40824997508587
"Emperoptera zimmermani",3.11764973832353
"Emperoptera zimmermani",3.03012812511172
"Emperoptera zimmermani",3.05103554956264
"Emperoptera zimmermani",3.13151906322872
"Emperoptera zimmermani",3.08109492608094
"Hyposmocoma diffusa",3.03691554961883
"Hyposmocoma diffusa",3.03397038872809
"Hyposmocoma diffusa",3.00196686801181
"Hyposmocoma diffusa",2.92016751464249
"Hyposmocoma diffusa",3.06171501748897
"Hyposmocoma scepticella",17.6901147187043
"Hyposmocoma scepticella",17.5675297815229
"Hyposmocoma scepticella",17.7332071007076
"Hyposmocoma scepticella",17.6676057704446
"Hyposmocoma scepticella",17.7247913158386
"Xyleborinus saxeseni",12.7145871185344
"Xyleborinus saxeseni",12.7817849969102
"Xyleborinus saxeseni",12.7658340680329
"Xyleborinus saxeseni",12.817760491288
"Xyleborinus saxeseni",12.7373846127209
"Phaeogramma vittipennis",6.04246527950979
"Phaeogramma vittipennis",5.93672801987844
"Phaeogramma vittipennis",5.99657721663847
"Phaeogramma vittipennis",6.05054441080843
"Phaeogramma vittipennis",6.00084003784926
"Nesiomiris cheliferus",2.76622963570914
"Nesiomiris cheliferus",2.74085856846112
"Nesiomiris cheliferus",2.80512115761622
"Nesiomiris cheliferus",2.83869512327828
"Nesiomiris cheliferus",2.71965951163896
"Anax strenuus",5.31309599874428
"Anax strenuus",5.41753207106614
"Anax strenuus",5.19998547510702
"Anax strenuus",5.31233064943043
"Anax strenuus",5.45489563678787
"Atelothrus limbatus",7.11192478684228
"Atelothrus limbatus",6.99013866568012
"Atelothrus limbatus",6.92914355433753
"Atelothrus limbatus",6.99066850519815
"Atelothrus limbatus",6.94174875259531
"Pachodynerus nasidens",14.6267376653413
"Pachodynerus nasidens",14.4916605491292
"Pachodynerus nasidens",14.5621731763423
"Pachodynerus nasidens",14.5769369255518
"Pachodynerus nasidens",14.4945884752925
"Agrotis tephrias",6.85021502418677
"Agrotis tephrias",6.75458818052251
"Agrotis tephrias",6.83698503238844
"Agrotis tephrias",6.86487106517626
"Agrotis tephrias",6.74020859534683
"Circulifer tenellus",8.5183507563644
"Circulifer tenellus",8.42283910701749
"Circulifer tenellus",8.46970543654331
"Circulifer tenellus",8.46417417309889
"Circulifer tenellus",8.42656602811813
"Barypristus incendiarius",5.39316070752727
"Barypristus incendiarius",5.3035676348113
"Barypristus incendiarius",5.36899236329191
"Barypristus incendiarius",5.42650328428806
"Barypristus incendiarius",5.24714687161141
"Neseis ampliata",5.11326801969775
"Neseis ampliata",5.1327579525241
"Neseis ampliata",5.10721974140901
"Neseis ampliata",5.22731257002567
"Neseis ampliata",5.14286253227667
"Proterhinus tuberculiceps",11.5520158608194
"Proterhinus tuberculiceps",11.643309550758
"Proterhinus tuberculiceps",11.6580730030792
"Proterhinus tuberculiceps",11.7326527396767
"Proterhinus tuberculiceps",11.6154377731729
"Brontolaemus currax mauiensis",7.68173955965075
"Brontolaemus currax mauiensis",7.6361263521316
"Brontolaemus currax mauiensis",7.63397338330923
"Brontolaemus currax mauiensis",7.56133929396597
"Brontolaemus currax mauiensis",7.72911362349221
"Lispinodes mauiensis",20.7903043085556
"Lispinodes mauiensis",20.6910201590704
"Lispinodes mauiensis",20.7879375957923
"Lispinodes mauiensis",20.6844706862686
"Lispinodes mauiensis",20.7815610777939
"Eupetinus laevigatus",8.0869360395913
"Eupetinus laevigatus",8.15294444856669
"Eupetinus laevigatus",8.17253469620257
"Eupetinus laevigatus",8.06876804070894
"Eupetinus laevigatus",8.16037474707788
"Colpodiscus lucipetens",6.96404246496385
"Colpodiscus lucipetens",6.83200449866254
"Colpodiscus lucipetens",6.83988083687642
"Colpodiscus lucipetens",6.91779442508959
"Colpodiscus lucipetens",6.88983015544259
"Scatella femoralis",5.04992036261374
"Scatella femoralis",5.10109274687553
"Scatella femoralis",5.04025326741661
"Scatella femoralis",5.07998889598695
"Scatella femoralis",5.05435241444124
"Hyposmocoma bitincta",3.86137738735782
"Hyposmocoma bitincta",3.85853534803677
"Hyposmocoma bitincta",3.91265700469822
"Hyposmocoma bitincta",3.77553019108239
"Hyposmocoma bitincta",3.76937672634215
"Odynerus erythrostactes",9.93328459778723
"Odynerus erythrostactes",9.89073792563134
"Odynerus erythrostactes",9.9023183912484
"Odynerus erythrostactes",9.94221269581892
"Odynerus erythrostactes",9.9429311981618
"Pectinophora gossypiella",5.68973798076321
"Pectinophora gossypiella",5.68675619410775
"Pectinophora gossypiella",5.7098425543996
"Pectinophora gossypiella",5.76899711256629
"Pectinophora gossypiella",5.73091285592323
"Nesosydne blackburni",5.71637808229871
"Nesosydne blackburni",5.63024605297717
"Nesosydne blackburni",5.69800310363937
"Nesosydne blackburni",5.68349483601428
"Nesosydne blackburni",5.66729736865463
"Cremastus flavoorbitalis",4.59841008901398
"Cremastus flavoorbitalis",4.55688294112649
"Cremastus flavoorbitalis",4.56709727097217
"Cremastus flavoorbitalis",4.58733121758594
"Cremastus flavoorbitalis",4.57653924116238
"Diestota occidentalis",9.77317542614291
"Diestota occidentalis",9.71024695857117
"Diestota occidentalis",9.7125750824507
"Diestota occidentalis",9.68782665789733
"Diestota occidentalis",9.70851198283446
"Scaptomyza nasalis",3.35007913879427
"Scaptomyza nasalis",3.21585876094244
"Scaptomyza nasalis",3.27259103631899
"Scaptomyza nasalis",3.34985665478756
"Scaptomyza nasalis",3.33832987868795
"Abanchogastra debilis",6.59433727760039
"Abanchogastra debilis",6.54706543642149
"Abanchogastra debilis",6.64494711101767
"Abanchogastra debilis",6.7052044914113
"Abanchogastra debilis",6.77215073202605
"Pararrhaptica perkinsana",4.89989411949202
"Pararrhaptica perkinsana",4.99146661571415
"Pararrhaptica perkinsana",4.9071570004191
"Pararrhaptica perkinsana",4.90910067764595
"Pararrhaptica perkinsana",4.92161372323637
"Tetragnatha macracantha",4.96374616258807
"Tetragnatha macracantha",5.0127034147068
"Tetragnatha macracantha",5.07010900316133
"Tetragnatha macracantha",4.9709715274975
"Tetragnatha macracantha",4.99656758749315
"Aedes albopictus",10.8114951856234
"Aedes albopictus",10.9013028434966
"Aedes albopictus",10.9055147042561
"Aedes albopictus",10.9188799774661
"Aedes albopictus",10.8071881619407
"Tetramorium tonganum",9.84009847520746
"Tetramorium tonganum",9.77724467373144
"Tetramorium tonganum",9.83366420048084
"Tetramorium tonganum",9.9139588623185
"Tetramorium tonganum",9.80358285301709
"Trigonidium wahoi",6.53061620741656
"Trigonidium wahoi",6.44294719837901
"Trigonidium wahoi",6.45915790999953
"Trigonidium wahoi",6.51399767584864
"Trigonidium wahoi",6.44716555965759
"Nabis koelensis",4.27934244744562
"Nabis koelensis",4.4567986921659
"Nabis koelensis",4.40270260461379
"Nabis koelensis",4.34626372861813
"Nabis koelensis",4.26193757238278
"Plagithmysus medeirosi",10.8513695569268
"Plagithmysus medeirosi",10.9403424726939
"Plagithmysus medeirosi",10.7500465092848
"Plagithmysus medeirosi",10.788449367944
"Plagithmysus medeirosi",10.8108548234782
"Sierola mauiensis",3.19733151039632
"Sierola mauiensis",3.21829337752948
"Sierola mauiensis",3.13603074743743
"Sierola mauiensis",3.19525248389185
"Sierola mauiensis",3.27650251137483
"Dyscritomyia grimshawi",6.32869893400823
"Dyscritomyia grimshawi",6.33327291774222
"Dyscritomyia grimshawi",6.33935040061504
"Dyscritomyia grimshawi",6.23465666873007
"Dyscritomyia grimshawi",6.396159526942
"Scaptomyza pallifrons",2.48900921093889
"Scaptomyza pallifrons",2.56284172774547
"Scaptomyza pallifrons",2.54909108262683
"Scaptomyza pallifrons",2.56224244196098
"Scaptomyza pallifrons",2.66259875507042
"Balclutha timberlakei",2.80172564890212
"Balclutha timberlakei",2.789706178043
"Balclutha timberlakei",2.74566956623123
"Balclutha timberlakei",2.78835495928318
"Balclutha timberlakei",2.7668024894135
"Araecerus fasciculatus",2.21327450104863
"Araecerus fasciculatus",2.13728798960702
"Araecerus fasciculatus",2.20706236682775
"Araecerus fasciculatus",2.18013007551562
"Araecerus fasciculatus",2.10317595381775
"Nysius longicollis",5.6178933088777
"Nysius longicollis",5.71807985511547
"Nysius longicollis",5.71915384950525
"Nysius longicollis",5.78506902009828
"Nysius longicollis",5.66494744287234
"Proterhinus haleakalae",2.63995963081127
"Proterhinus haleakalae",2.68344939269529
"Proterhinus haleakalae",2.75381322647568
"Proterhinus haleakalae",2.84299460691101
"Proterhinus haleakalae",2.73596799335265
"Campsicnemus macula",7.41088275400923
"Campsicnemus macula",7.38862366604811
"Campsicnemus macula",7.27286539462818
"Campsicnemus macula",7.3324719311075
"Campsicnemus macula",7.42074014397028
"Fornax longicornis",14.3110665912385
"Fornax longicornis",14.286416349029
"Fornax longicornis",14.2872126005694
"Fornax longicornis",14.2293075721078
"Fornax longicornis",14.1798050024956
"Scotorythra brunnea",6.74999140640652
"Scotorythra brunnea",6.58763070022226
"Scotorythra brunnea",6.61640766735798
"Scotorythra brunnea",6.71014561117128
"Scotorythra brunnea",6.59707856198396
"Hierodula patellifera",6.01198582945951
"Hierodula patellifera",5.97426437377654
"Hierodula patellifera",6.08208830005234
"Hierodula patellifera",6.07166437717937
"Hierodula patellifera",6.0702038772172
"Batrachedrodes supercincta",6.6077091685098
"Batrachedrodes supercincta",6.61457159643923
"Batrachedrodes supercincta",6.61948076433589
"Batrachedrodes supercincta",6.46355478429415
"Batrachedrodes supercincta",6.57235815156805
"Nysius kinbergi",10.7642685967059
"Nysius kinbergi",10.8008710339356
"Nysius kinbergi",10.6865482908653
"Nysius kinbergi",10.7276750311564
"Nysius kinbergi",10.6933546450807
"Eupetinus latimargo",5.82845091661539
"Eupetinus latimargo",5.8417136429961
"Eupetinus latimargo",5.81233448253993
"Eupetinus latimargo",5.69215751100584
"Eupetinus latimargo",5.79226246323362
"Athetis thoracica",7.24632958607126
"Athetis thoracica",7.18758821541864
"Athetis thoracica",7.14370143533575
"Athetis thoracica",7.1126115820243
"Athetis thoracica",7.1377709403809
"Leialoha mauiensis",12.7528950369263
"Leialoha mauiensis",12.6843484980331
"Leialoha mauiensis",12.7237647370268
"Leialoha mauiensis",12.7875774126312
"Leialoha mauiensis",12.7447332881575
"Mecyclothorax rusticus",18.2906113744937
"Mecyclothorax rusticus",18.1072888551249
"Mecyclothorax rusticus",18.1922406346862
"Mecyclothorax rusticus",18.2129117027893
"Mecyclothorax rusticus",18.2436136788237
"Entomobrya albocincta",13.9181181302075
"Entomobrya albocincta",14.036221167176
"Entomobrya albocincta",14.0063996462551
"Entomobrya albocincta",14.0037938791393
"Entomobrya albocincta",14.0184225272328
"Drosophila mediana",6.50370256030058
"Drosophila mediana",6.56599506872117
"Drosophila mediana",6.5494151145512
"Drosophila mediana",6.50167870923584
"Drosophila mediana",6.57286048281622
"Philodoria dubauticola",9.61854256399883
"Philodoria dubauticola",9.64103405623463
"Philodoria dubauticola",9.56552712155166
"Philodoria dubauticola",9.695540836118
"Philodoria dubauticola",9.60081282483882
"Tetragnatha hawaiensis",11.0621870012413
"Tetragnatha hawaiensis",11.0055112116869
"Tetragnatha hawaiensis",10.9947786172973
"Tetragnatha hawaiensis",11.0583962251427
"Tetragnatha hawaiensis",10.9167571725803
"Tetragnatha quasimodo",4.96636067746267
"Tetragnatha quasimodo",4.96129074015922
"Tetragnatha quasimodo",4.77661445078806
"Tetragnatha quasimodo",4.9597847588467
"Tetragnatha quasimodo",4.80811699773697
"Phlyctaenia liopis",11.1041277550472
"Phlyctaenia liopis",11.0375417174525
"Phlyctaenia liopis",11.0231316324343
"Phlyctaenia liopis",11.0642706073221
"Phlyctaenia liopis",11.1467708041309
"Vanessa tameamea",9.75660696954009
"Vanessa tameamea",9.82795853730571
"Vanessa tameamea",9.81498798746292
"Vanessa tameamea",9.72407106557572
"Vanessa tameamea",9.69050037531683
"Scaptomyza exigua",2.63362564319128
"Scaptomyza exigua",2.78571579498248
"Scaptomyza exigua",2.75067954907333
"Scaptomyza exigua",2.86339709589733
"Scaptomyza exigua",2.78705508087753
"Adelencyrtus odonaspidis",6.00114230786627
"Adelencyrtus odonaspidis",6.0301204063038
"Adelencyrtus odonaspidis",5.92040483722656
"Adelencyrtus odonaspidis",5.98083871172908
"Adelencyrtus odonaspidis",6.00228408583961
"Heterocrossa atronotata",7.75119944827884
"Heterocrossa atronotata",7.71492654878647
"Heterocrossa atronotata",7.69450899770743
"Heterocrossa atronotata",7.61742116034806
"Heterocrossa atronotata",7.71294814486336
"Aphidius obscuripes",7.31163337516827
"Aphidius obscuripes",7.31964392017718
"Aphidius obscuripes",7.30705243389611
"Aphidius obscuripes",7.26965657925374
"Aphidius obscuripes",7.27712830836855
"Psallus luteus",8.73481227320883
"Psallus luteus",8.70397808779071
"Psallus luteus",8.64408689800489
"Psallus luteus",8.67636893988454
"Psallus luteus",8.61484995373331
"Plagithmysus smilacis",7.03481367262519
"Plagithmysus smilacis",7.08398387464359
"Plagithmysus smilacis",6.98512452879055
"Plagithmysus smilacis",6.99167660802704
"Plagithmysus smilacis",7.15854899593131
"Drosophila truncipenna",2.11664167923319
"Drosophila truncipenna",2.04040870342977
"Drosophila truncipenna",2.14436831237026
"Drosophila truncipenna",2.23009905780332
"Drosophila truncipenna",2.19071038487541
"Lispocephala deceptiva",4.24267697470029
"Lispocephala deceptiva",4.28706072955028
"Lispocephala deceptiva",4.17016205242711
"Lispocephala deceptiva",4.25991396987122
"Lispocephala deceptiva",4.18118775001133
"Amblyseius largoensis",12.2151870298123
"Amblyseius largoensis",12.3475379231884
"Amblyseius largoensis",12.2731010660315
"Amblyseius largoensis",12.2610583377182
"Amblyseius largoensis",12.1488775683209
"Neoscatella hawaiiensis",12.7470174964671
"Neoscatella hawaiiensis",12.9305851321789
"Neoscatella hawaiiensis",12.7286589629598
"Neoscatella hawaiiensis",12.8068474172149
"Neoscatella hawaiiensis",12.8473885900399
"Drosophila kikkawai",6.3572498360298
"Drosophila kikkawai",6.36145610385863
"Drosophila kikkawai",6.28658817669825
"Drosophila kikkawai",6.24725673580507
"Drosophila kikkawai",6.2779711590479
"Forcipomyia hardyi",6.85317246224172
"Forcipomyia hardyi",6.9445969922686
"Forcipomyia hardyi",6.97408917600493
"Forcipomyia hardyi",7.03428638292617
"Forcipomyia hardyi",6.92899527341589
"Oligota glabra",11.4477323381067
"Oligota glabra",11.5612834658512
"Oligota glabra",11.5541259886055
"Oligota glabra",11.4857888163625
"Oligota glabra",11.406893315101
"Lispocephala ascita",11.9865125256839
"Lispocephala ascita",12.0085043040667
"Lispocephala ascita",11.9233523150553
"Lispocephala ascita",11.9730564054012
"Lispocephala ascita",11.9245012660998
"Lispocephala subseminigra",5.04684092184326
"Lispocephala subseminigra",4.99903475616048
"Lispocephala subseminigra",4.98544004493707
"Lispocephala subseminigra",5.01272070639169
"Lispocephala subseminigra",4.98910323676037
"Drosophila virilis",7.76814583945423
"Drosophila virilis",7.78459210407113
"Drosophila virilis",7.80299368044039
"Drosophila virilis",7.81588661863486
"Drosophila virilis",7.89510032345491
"Pagiopalus atomarius",14.5129602088872
"Pagiopalus atomarius",14.5822163809016
"Pagiopalus atomarius",14.6319080073756
"Pagiopalus atomarius",14.6994972534304
"Pagiopalus atomarius",14.6196212229217
"Fannia canicularis",12.4570730270175
"Fannia canicularis",12.4395073519531
"Fannia canicularis",12.4826656112044
"Fannia canicularis",12.5170282641175
"Fannia canicularis",12.4469029393022
"Pedronia cibotii",4.58938530869675
"Pedronia cibotii",4.59256448692987
"Pedronia cibotii",4.62319591519425
"Pedronia cibotii",4.64604075300464
"Pedronia cibotii",4.59628471114696
"Laupala nigra",5.34106147952205
"Laupala nigra",5.4289984485351
"Laupala nigra",5.35545253412725
"Laupala nigra",5.43995078855104
"Laupala nigra",5.34191332774314
"Cydia obliqua",3.65245272286562
"Cydia obliqua",3.5233117764193
"Cydia obliqua",3.60902841963228
"Cydia obliqua",3.61444498173189
"Cydia obliqua",3.57040870005142
"Elenchus melanias",5.78909492902435
"Elenchus melanias",5.90771576520632
"Elenchus melanias",5.90568296793045
"Elenchus melanias",5.77338052631633
"Elenchus melanias",5.87640041866588
"Projectothrips trespinus",1.42552045710654
"Projectothrips trespinus",1.42919569872223
"Projectothrips trespinus",1.52344929253375
"Projectothrips trespinus",1.45102095348645
"Projectothrips trespinus",1.55143371886091
"Mestolobes droseropa",10.2176044218496
"Mestolobes droseropa",10.2473560275171
"Mestolobes droseropa",10.1839950547556
"Mestolobes droseropa",10.1464729567383
"Mestolobes droseropa",10.2699916397234
"Syrphophagus aphidivorus",9.83349946669939
"Syrphophagus aphidivorus",9.80497266820966
"Syrphophagus aphidivorus",9.823405232685
"Syrphophagus aphidivorus",9.89853813742927
"Syrphophagus aphidivorus",9.77752445247226
"Eupodes sigmoidensis",2.03027029330646
"Eupodes sigmoidensis",2.0380302709734
"Eupodes sigmoidensis",1.98031317327561
"Eupodes sigmoidensis",2.12407852706913
"Eupodes sigmoidensis",2.08657652628275
"Mecyclothorax purpuripennis",16.0857936933479
"Mecyclothorax purpuripennis",16.0708158553509
"Mecyclothorax purpuripennis",16.0429064288281
"Mecyclothorax purpuripennis",16.0241776138356
"Mecyclothorax purpuripennis",16.1243375414142
"Orthoea vincta",11.22538337975
"Orthoea vincta",11.3369751254567
"Orthoea vincta",11.2632629084059
"Orthoea vincta",11.3275294288783
"Orthoea vincta",11.2663671249818
"Hypogastrura pahiku",9.44456844883367
"Hypogastrura pahiku",9.58164291410429
"Hypogastrura pahiku",9.51581227598733
"Hypogastrura pahiku",9.34762026783432
"Hypogastrura pahiku",9.48341539803011
"Dicranomyia hawaiiensis",4.38167746452397
"Dicranomyia hawaiiensis",4.34073442831899
"Dicranomyia hawaiiensis",4.42123257630683
"Dicranomyia hawaiiensis",4.41646034318753
"Dicranomyia hawaiiensis",4.3890496012366
"Actia eucosmae",10.9433733370681
"Actia eucosmae",10.6909882203741
"Actia eucosmae",10.8755457552347
"Actia eucosmae",10.8081511234205
"Actia eucosmae",10.8646820717909
"Epiphanis tristis",7.88942606903351
"Epiphanis tristis",7.88106382724846
"Epiphanis tristis",7.81431056535857
"Epiphanis tristis",7.90404697435353
"Epiphanis tristis",8.06476646017742
"Anoplolepis gracilipes",12.3588108525897
"Anoplolepis gracilipes",12.3998170656531
"Anoplolepis gracilipes",12.3543425465533
"Anoplolepis gracilipes",12.368051585193
"Anoplolepis gracilipes",12.3536197853838
"Anomalochrysa fulvescens rhododora",2.91534595616085
"Anomalochrysa fulvescens rhododora",2.85209585676023
"Anomalochrysa fulvescens rhododora",2.85506094313169
"Anomalochrysa fulvescens rhododora",2.79121392558673
"Anomalochrysa fulvescens rhododora",2.8865757704619
"Eupelmus paraleucothrix",2.86668114111025
"Eupelmus paraleucothrix",2.87460693778953
"Eupelmus paraleucothrix",2.81859893744107
"Eupelmus paraleucothrix",2.78017012628251
"Eupelmus paraleucothrix",3.00964190099593
"Nesogonia blackburni",9.83613978407958
"Nesogonia blackburni",9.87702760816845
"Nesogonia blackburni",9.77190648693387
"Nesogonia blackburni",9.78982607328908
"Nesogonia blackburni",9.81891639404111
"Neoscona theisi",6.87450923894366
"Neoscona theisi",6.75565256213816
"Neoscona theisi",6.82530999157
"Neoscona theisi",6.64903173133203
"Neoscona theisi",6.74394743953663
"Tegonotus hibiscella",11.4935880274027
"Tegonotus hibiscella",11.6373983643587
"Tegonotus hibiscella",11.5610013923706
"Tegonotus hibiscella",11.5474942188381
"Tegonotus hibiscella",11.6526881597911
"Tympanococcus tympanistus",2.39040710419068
"Tympanococcus tympanistus",2.26997819234814
"Tympanococcus tympanistus",2.34924924561555
"Tympanococcus tympanistus",2.25022311931478
"Tympanococcus tympanistus",2.29523265617765
"Psilopa olga",11.4217191584561
"Psilopa olga",11.4117676052443
"Psilopa olga",11.3913736567845
"Psilopa olga",11.2909358609446
"Psilopa olga",11.2125831447873
"Pilorhagidia hirsuta",3.18918309175592
"Pilorhagidia hirsuta",3.31642538649289
"Pilorhagidia hirsuta",3.24210251431515
"Pilorhagidia hirsuta",3.13017855263985
"Pilorhagidia hirsuta",3.24870184433683
"Acanthia procellaris",12.9736063541626
"Acanthia procellaris",12.9277633223975
"Acanthia procellaris",12.840191450805
"Acanthia procellaris",12.7968662039467
"Acanthia procellaris",12.8398752555467
"Carphuroides pectinatus",9.92268382952444
"Carphuroides pectinatus",9.97371491853236
"Carphuroides pectinatus",9.80463601501359
"Carphuroides pectinatus",9.9817938405009
"Carphuroides pectinatus",9.92094582022474
"Ophiusa disjungens",4.25980175695686
"Ophiusa disjungens",4.1268928461539
"Ophiusa disjungens",4.18587892428596
"Ophiusa disjungens",4.19893764615253
"Ophiusa disjungens",4.28814758736153
"Lispocephala fuscobrunnea",9.59177226695587
"Lispocephala fuscobrunnea",9.55631348637858
"Lispocephala fuscobrunnea",9.62621194833295
"Lispocephala fuscobrunnea",9.49948569610048
"Lispocephala fuscobrunnea",9.59083738396035
"Notoedres cati",11.0459664609269
"Notoedres cati",11.0082167275412
"Notoedres cati",11.1033214788009
"Notoedres cati",11.1306872730035
"Notoedres cati",11.100623307074
"Listroderes costirostris",14.618270981164
"Listroderes costirostris",14.6206394984215
"Listroderes costirostris",14.7310940844279
"Listroderes costirostris",14.669821251799
"Listroderes costirostris",14.6983246329685
"Omiodes anastrepta",7.19091433295436
"Omiodes anastrepta",7.28655805260181
"Omiodes anastrepta",7.162811191611
"Omiodes anastrepta",7.2485523495259
"Omiodes anastrepta",7.16230779448902
"Echthromorpha fuscator",6.6596222211448
"Echthromorpha fuscator",6.7265609668222
"Echthromorpha fuscator",6.81500127828355
"Echthromorpha fuscator",6.85964001557497
"Echthromorpha fuscator",6.70214720646435
"Trigonidium kona",8.27390958016191
"Trigonidium kona",8.45422587469586
"Trigonidium kona",8.32278708140086
"Trigonidium kona",8.37896306151546
"Trigonidium kona",8.31722472532313
"Drosophila lepidobregma",3.52474662571102
"Drosophila lepidobregma",3.54781412995628
"Drosophila lepidobregma",3.54325342442643
"Drosophila lepidobregma",3.53108541979097
"Drosophila lepidobregma",3.5145102516226
"Aphis citricola",3.6477142511259
"Aphis citricola",3.94165877996882
"Aphis citricola",3.93698155356101
"Aphis citricola",3.7641066383438
"Aphis citricola",3.8198865128818
"Chlorichaeta albipennis",5.76689703222402
"Chlorichaeta albipennis",5.74435815465193
"Chlorichaeta albipennis",5.76099761323929
"Chlorichaeta albipennis",5.62059653461682
"Chlorichaeta albipennis",5.83876076189141
"Cillaeopeplus dubius",16.3568985945087
"Cillaeopeplus dubius",16.4697394545234
"Cillaeopeplus dubius",16.4331114301047
"Cillaeopeplus dubius",16.4005282496575
"Cillaeopeplus dubius",16.401980749884
"Piophila casei",5.81229226658045
"Piophila casei",5.96857927492523
"Piophila casei",5.87691680300087
"Piophila casei",5.88706296553369
"Piophila casei",5.88409841249476
"Cis nudipennis",8.28266560670364
"Cis nudipennis",8.23729609452405
"Cis nudipennis",8.32026557304775
"Cis nudipennis",8.17992325188209
"Cis nudipennis",8.22028391668927
"Nysius montivagus",8.55971239505976
"Nysius montivagus",8.55957595074308
"Nysius montivagus",8.63047560582074
"Nysius montivagus",8.71963611466199
"Nysius montivagus",8.53347017150312
"Pauahiana lineata",6.90286396010789
"Pauahiana lineata",6.93071692637037
"Pauahiana lineata",6.81777438909353
"Pauahiana lineata",6.8737789785068
"Pauahiana lineata",6.92617705744779
"Carulaspis minima",24.6720623138777
"Carulaspis minima",24.6741443869301
"Carulaspis minima",24.7057365857158
"Carulaspis minima",24.6837504545708
"Carulaspis minima",24.6541175706552
"Notiphila insularis",9.64028109957018
"Notiphila insularis",9.76113813229324
"Notiphila insularis",9.70080266227152
"Notiphila insularis",9.59388734005272
"Notiphila insularis",9.57413841406808
"Pediobius wilderi",8.04029214512436
"Pediobius wilderi",8.14125811862016
"Pediobius wilderi",8.07931291114469
"Pediobius wilderi",8.0198734567221
"Pediobius wilderi",8.11456075434293
"Hedylepta blackburni",11.3509799610241
"Hedylepta blackburni",11.2919516177105
"Hedylepta blackburni",11.3865271820371
"Hedylepta blackburni",11.450077960022
"Hedylepta blackburni",11.3849294207679
"Scaptomyza adunca",10.4051641485162
"Scaptomyza adunca",10.3544500826948
"Scaptomyza adunca",10.4276679237383
"Scaptomyza adunca",10.3296786257081
"Scaptomyza adunca",10.2948479150894
"Anurophorus lohi",6.23444047982352
"Anurophorus lohi",6.23496417122236
"Anurophorus lohi",6.37843236085775
"Anurophorus lohi",6.16431047315646
"Anurophorus lohi",6.24725042141721
"Myllaena pacifica",13.4514778146586
"Myllaena pacifica",13.4661579378482
"Myllaena pacifica",13.4027047939137
"Myllaena pacifica",13.3589088100044
"Myllaena pacifica",13.3994129390193
"Drosophila perkinsi",5.43700338808975
"Drosophila perkinsi",5.34989248743916
"Drosophila perkinsi",5.19879742719965
"Drosophila perkinsi",5.40613546735495
"Drosophila perkinsi",5.35334601191489
"Paratrechina bourbonica",5.37922350795219
"Paratrechina bourbonica",5.38016265359886
"Paratrechina bourbonica",5.37227516745168
"Paratrechina bourbonica",5.39656963021387
"Paratrechina bourbonica",5.35110589812314
"Ilburnia coprosmicola",3.65651834692664
"Ilburnia coprosmicola",3.58427350493502
"Ilburnia coprosmicola",3.65192284452036
"Ilburnia coprosmicola",3.70613129294665
"Ilburnia coprosmicola",3.67040061719538
"Heteropsylla cubana",5.43336573822934
"Heteropsylla cubana",5.30634084575529
"Heteropsylla cubana",5.37483669051831
"Heteropsylla cubana",5.40846442549908
"Heteropsylla cubana",5.30770781294027
"Carposina achroana",2.6426028770553
"Carposina achroana",2.48711906491377
"Carposina achroana",2.55882339772086
"Carposina achroana",2.55806491526044
"Carposina achroana",2.5562616133857
"Nesomimesa hawaiiensis",4.95552717800497
"Nesomimesa hawaiiensis",4.99500830581986
"Nesomimesa hawaiiensis",4.90645747366746
"Nesomimesa hawaiiensis",4.89102044833054
"Nesomimesa hawaiiensis",4.92897306845465
"Phytoseius hawaiiensis",2.59098583720741
"Phytoseius hawaiiensis",2.6695504593861
"Phytoseius hawaiiensis",2.68932244946186
"Phytoseius hawaiiensis",2.61351397011488
"Phytoseius hawaiiensis",2.617227359904
"Cis insulicola",6.93200207838335
"Cis insulicola",6.94944187007201
"Cis insulicola",6.86259511138161
"Cis insulicola",6.96390322574393
"Cis insulicola",6.91454968768995
"Metaphycus anneckei",4.26376823426115
"Metaphycus anneckei",4.22307350243832
"Metaphycus anneckei",4.20420261981265
"Metaphycus anneckei",4.23065869657758
"Metaphycus anneckei",4.22182254162132
"Plagithmysus laticollis",7.79531216967926
"Plagithmysus laticollis",7.7423784085133
"Plagithmysus laticollis",7.75572788445501
"Plagithmysus laticollis",7.65568334639191
"Plagithmysus laticollis",7.81936116438003
