"island","site","GenSp"
"Kauai","Kauai_01","Xyleborus perforans"
"Kauai","Kauai_01","Xyleborus perforans"
"Kauai","Kauai_01","Xyleborus perforans"
"Kauai","Kauai_01","Xyleborus perforans"
"Kauai","Kauai_01","Xyleborus perforans"
"Kauai","Kauai_01","Xyleborus perforans"
"Kauai","Kauai_01","Agrotis chersotoides"
"Kauai","Kauai_01","Agrotis chersotoides"
"Kauai","Kauai_01","Agrotis chersotoides"
"Kauai","Kauai_01","Agrotis chersotoides"
"Kauai","Kauai_01","Agrotis chersotoides"
"Kauai","Kauai_01","Agrotis chersotoides"
"Kauai","Kauai_01","Agrotis chersotoides"
"Kauai","Kauai_01","Agrotis chersotoides"
"Kauai","Kauai_01","Agrotis chersotoides"
"Kauai","Kauai_01","Agrotis chersotoides"
"Kauai","Kauai_01","Agrotis chersotoides"
"Kauai","Kauai_01","Agrotis chersotoides"
"Kauai","Kauai_01","Agrotis chersotoides"
"Kauai","Kauai_01","Agrotis chersotoides"
"Kauai","Kauai_01","Agrotis chersotoides"
"Kauai","Kauai_01","Oligotoma saundersii"
"Kauai","Kauai_01","Oligotoma saundersii"
"Kauai","Kauai_01","Oligotoma saundersii"
"Kauai","Kauai_01","Oligotoma saundersii"
"Kauai","Kauai_01","Oligotoma saundersii"
"Kauai","Kauai_01","Oligotoma saundersii"
"Kauai","Kauai_01","Oligotoma saundersii"
"Kauai","Kauai_01","Oligotoma saundersii"
"Kauai","Kauai_01","Drosophila humeralis"
"Kauai","Kauai_01","Drosophila humeralis"
"Kauai","Kauai_01","Drosophila humeralis"
"Kauai","Kauai_01","Drosophila humeralis"
"Kauai","Kauai_01","Drosophila humeralis"
"Kauai","Kauai_01","Drosophila humeralis"
"Kauai","Kauai_01","Drosophila humeralis"
"Kauai","Kauai_01","Drosophila humeralis"
"Kauai","Kauai_01","Drosophila humeralis"
"Kauai","Kauai_01","Drosophila humeralis"
"Kauai","Kauai_01","Drosophila humeralis"
"Kauai","Kauai_01","Drosophila humeralis"
"Kauai","Kauai_01","Drosophila humeralis"
"Kauai","Kauai_01","Drosophila humeralis"
"Kauai","Kauai_01","Drosophila humeralis"
"Kauai","Kauai_01","Drosophila humeralis"
"Kauai","Kauai_01","Drosophila humeralis"
"Kauai","Kauai_01","Drosophila humeralis"
"Kauai","Kauai_01","Entomobrya griseoolivata"
"Kauai","Kauai_01","Entomobrya griseoolivata"
"Kauai","Kauai_01","Entomobrya griseoolivata"
"Kauai","Kauai_01","Entomobrya griseoolivata"
"Kauai","Kauai_01","Entomobrya griseoolivata"
"Kauai","Kauai_01","Entomobrya griseoolivata"
"Kauai","Kauai_01","Entomobrya griseoolivata"
"Kauai","Kauai_01","Entomobrya griseoolivata"
"Kauai","Kauai_01","Entomobrya griseoolivata"
"Kauai","Kauai_01","Entomobrya griseoolivata"
"Kauai","Kauai_01","Entomobrya griseoolivata"
"Kauai","Kauai_01","Entomobrya griseoolivata"
"Kauai","Kauai_01","Entomobrya griseoolivata"
"Kauai","Kauai_01","Entomobrya griseoolivata"
"Kauai","Kauai_01","Entomobrya griseoolivata"
"Kauai","Kauai_01","Entomobrya griseoolivata"
"Kauai","Kauai_01","Entomobrya griseoolivata"
"Kauai","Kauai_01","Entomobrya griseoolivata"
"Kauai","Kauai_01","Entomobrya griseoolivata"
"Kauai","Kauai_01","Entomobrya griseoolivata"
"Kauai","Kauai_01","Entomobrya griseoolivata"
"Kauai","Kauai_01","Entomobrya griseoolivata"
"Kauai","Kauai_01","Pseudosinella kalalauensis"
"Kauai","Kauai_01","Pseudosinella kalalauensis"
"Kauai","Kauai_01","Thyrocopa usitata"
"Kauai","Kauai_01","Thyrocopa usitata"
"Kauai","Kauai_01","Thyrocopa usitata"
"Kauai","Kauai_01","Thyrocopa usitata"
"Kauai","Kauai_01","Thyrocopa usitata"
"Kauai","Kauai_01","Thyrocopa usitata"
"Kauai","Kauai_01","Thyrocopa usitata"
"Kauai","Kauai_01","Thyrocopa usitata"
"Kauai","Kauai_01","Thyrocopa usitata"
"Kauai","Kauai_01","Oligota kauaiensis"
"Kauai","Kauai_01","Oligota kauaiensis"
"Kauai","Kauai_01","Oligota kauaiensis"
"Kauai","Kauai_01","Oligota kauaiensis"
"Kauai","Kauai_01","Oligota kauaiensis"
"Kauai","Kauai_01","Oligota kauaiensis"
"Kauai","Kauai_01","Oligota kauaiensis"
"Kauai","Kauai_01","Oligota kauaiensis"
"Kauai","Kauai_01","Oligota kauaiensis"
"Kauai","Kauai_01","Oligota kauaiensis"
"Kauai","Kauai_01","Oligota kauaiensis"
"Kauai","Kauai_01","Oligota kauaiensis"
"Kauai","Kauai_01","Oligota kauaiensis"
"Kauai","Kauai_01","Oligota kauaiensis"
"Kauai","Kauai_01","Oligota kauaiensis"
"Kauai","Kauai_01","Oligota kauaiensis"
"Kauai","Kauai_01","Oligota kauaiensis"
"Kauai","Kauai_01","Oligota kauaiensis"
"Kauai","Kauai_01","Scotorythra arboricolans"
"Kauai","Kauai_01","Scotorythra arboricolans"
"Kauai","Kauai_01","Scotorythra arboricolans"
"Kauai","Kauai_01","Scotorythra arboricolans"
"Kauai","Kauai_01","Scotorythra arboricolans"
"Kauai","Kauai_01","Scotorythra arboricolans"
"Kauai","Kauai_01","Scotorythra arboricolans"
"Kauai","Kauai_01","Scotorythra arboricolans"
"Kauai","Kauai_01","Scotorythra arboricolans"
"Kauai","Kauai_01","Scotorythra arboricolans"
"Kauai","Kauai_01","Necrobia ruficollis"
"Kauai","Kauai_01","Necrobia ruficollis"
"Kauai","Kauai_01","Necrobia ruficollis"
"Kauai","Kauai_01","Necrobia ruficollis"
"Kauai","Kauai_01","Necrobia ruficollis"
"Kauai","Kauai_01","Necrobia ruficollis"
"Kauai","Kauai_01","Necrobia ruficollis"
"Kauai","Kauai_01","Necrobia ruficollis"
"Kauai","Kauai_01","Agrotis xiphias"
"Kauai","Kauai_01","Agrotis xiphias"
"Kauai","Kauai_01","Agrotis xiphias"
"Kauai","Kauai_01","Agrotis xiphias"
"Kauai","Kauai_01","Agrotis xiphias"
"Kauai","Kauai_01","Agrotis xiphias"
"Kauai","Kauai_01","Agrotis xiphias"
"Kauai","Kauai_01","Agrotis xiphias"
"Kauai","Kauai_01","Agrotis xiphias"
"Kauai","Kauai_01","Agrotis xiphias"
"Kauai","Kauai_01","Agrotis xiphias"
"Kauai","Kauai_01","Agrotis xiphias"
"Kauai","Kauai_01","Agrotis xiphias"
"Kauai","Kauai_01","Agrotis xiphias"
"Kauai","Kauai_01","Agrotis xiphias"
"Kauai","Kauai_01","Agrotis xiphias"
"Kauai","Kauai_01","Agrotis xiphias"
"Kauai","Kauai_01","Agrotis xiphias"
"Kauai","Kauai_01","Agrotis xiphias"
"Kauai","Kauai_01","Agrotis xiphias"
"Kauai","Kauai_01","Agrotis xiphias"
"Kauai","Kauai_01","Agrotis xiphias"
"Kauai","Kauai_01","Agrotis xiphias"
"Kauai","Kauai_01","Thrips hawaiiensis"
"Kauai","Kauai_01","Thrips hawaiiensis"
"Kauai","Kauai_01","Thrips hawaiiensis"
"Kauai","Kauai_01","Thrips hawaiiensis"
"Kauai","Kauai_01","Thrips hawaiiensis"
"Kauai","Kauai_01","Thrips hawaiiensis"
"Kauai","Kauai_01","Thrips hawaiiensis"
"Kauai","Kauai_01","Thrips hawaiiensis"
"Kauai","Kauai_01","Psammoechus insularis"
"Kauai","Kauai_01","Psammoechus insularis"
"Kauai","Kauai_01","Psammoechus insularis"
"Kauai","Kauai_01","Psammoechus insularis"
"Kauai","Kauai_01","Psammoechus insularis"
"Kauai","Kauai_01","Psammoechus insularis"
"Kauai","Kauai_01","Psammoechus insularis"
"Kauai","Kauai_01","Psammoechus insularis"
"Kauai","Kauai_01","Psammoechus insularis"
"Kauai","Kauai_01","Psammoechus insularis"
"Kauai","Kauai_01","Psammoechus insularis"
"Kauai","Kauai_01","Psammoechus insularis"
"Kauai","Kauai_01","Nabis lolupe"
"Kauai","Kauai_01","Nabis lolupe"
"Kauai","Kauai_01","Nabis lolupe"
"Kauai","Kauai_01","Nabis lolupe"
"Kauai","Kauai_01","Nabis lolupe"
"Kauai","Kauai_01","Nabis lolupe"
"Kauai","Kauai_01","Nabis lolupe"
"Kauai","Kauai_01","Nabis lolupe"
"Kauai","Kauai_01","Nabis lolupe"
"Kauai","Kauai_01","Nabis lolupe"
"Kauai","Kauai_01","Peridroma coniotis"
"Kauai","Kauai_01","Peridroma coniotis"
"Kauai","Kauai_01","Peridroma coniotis"
"Kauai","Kauai_01","Cardiocondyla wroughtonii"
"Kauai","Kauai_01","Cardiocondyla wroughtonii"
"Kauai","Kauai_01","Cardiocondyla wroughtonii"
"Kauai","Kauai_01","Cardiocondyla wroughtonii"
"Kauai","Kauai_01","Cardiocondyla wroughtonii"
"Kauai","Kauai_01","Cardiocondyla wroughtonii"
"Kauai","Kauai_01","Cardiocondyla wroughtonii"
"Kauai","Kauai_01","Cardiocondyla wroughtonii"
"Kauai","Kauai_01","Cardiocondyla wroughtonii"
"Kauai","Kauai_01","Cardiocondyla wroughtonii"
"Kauai","Kauai_01","Cardiocondyla wroughtonii"
"Kauai","Kauai_01","Cardiocondyla wroughtonii"
"Kauai","Kauai_01","Cardiocondyla wroughtonii"
"Kauai","Kauai_01","Cardiocondyla wroughtonii"
"Kauai","Kauai_01","Cardiocondyla wroughtonii"
"Kauai","Kauai_01","Cardiocondyla wroughtonii"
"Kauai","Kauai_01","Cardiocondyla wroughtonii"
"Kauai","Kauai_01","Cardiocondyla wroughtonii"
"Kauai","Kauai_01","Cardiocondyla wroughtonii"
"Kauai","Kauai_01","Scholastes bimaculatus"
"Kauai","Kauai_01","Scholastes bimaculatus"
"Kauai","Kauai_01","Scholastes bimaculatus"
"Kauai","Kauai_01","Scholastes bimaculatus"
"Kauai","Kauai_01","Scholastes bimaculatus"
"Kauai","Kauai_01","Coccygomimus punicipes"
"Kauai","Kauai_01","Coccygomimus punicipes"
"Kauai","Kauai_01","Carposina viridis"
"Kauai","Kauai_01","Carposina viridis"
"Kauai","Kauai_01","Carposina viridis"
"Kauai","Kauai_01","Carposina viridis"
"Kauai","Kauai_01","Carposina viridis"
"Kauai","Kauai_01","Carposina viridis"
"Kauai","Kauai_01","Cheyletus eruditus"
"Kauai","Kauai_01","Cheyletus eruditus"
"Kauai","Kauai_01","Cheyletus eruditus"
"Kauai","Kauai_01","Cheyletus eruditus"
"Kauai","Kauai_01","Cheyletus eruditus"
"Kauai","Kauai_01","Cheyletus eruditus"
"Kauai","Kauai_01","Cheyletus eruditus"
"Kauai","Kauai_01","Cheyletus eruditus"
"Kauai","Kauai_01","Cheyletus eruditus"
"Kauai","Kauai_01","Cheyletus eruditus"
"Kauai","Kauai_01","Cheyletus eruditus"
"Kauai","Kauai_01","Cheyletus eruditus"
"Kauai","Kauai_01","Cheyletus eruditus"
"Kauai","Kauai_01","Cheyletus eruditus"
"Kauai","Kauai_01","Cheyletus eruditus"
"Kauai","Kauai_01","Cheyletus eruditus"
"Kauai","Kauai_01","Cheyletus eruditus"
"Kauai","Kauai_01","Cheyletus eruditus"
"Kauai","Kauai_01","Cheyletus eruditus"
"Kauai","Kauai_01","Cheyletus eruditus"
"Kauai","Kauai_01","Cheyletus eruditus"
"Kauai","Kauai_01","Cheyletus eruditus"
"Kauai","Kauai_01","Cheyletus eruditus"
"Kauai","Kauai_01","Nabis blackburni"
"Kauai","Kauai_01","Nabis blackburni"
"Kauai","Kauai_01","Nabis blackburni"
"Kauai","Kauai_01","Nabis blackburni"
"Kauai","Kauai_01","Nabis blackburni"
"Kauai","Kauai_01","Nabis blackburni"
"Kauai","Kauai_01","Nabis blackburni"
"Kauai","Kauai_01","Nabis blackburni"
"Kauai","Kauai_01","Nabis blackburni"
"Kauai","Kauai_01","Nabis blackburni"
"Kauai","Kauai_01","Nabis blackburni"
"Kauai","Kauai_01","Nabis blackburni"
"Kauai","Kauai_01","Nabis blackburni"
"Kauai","Kauai_01","Nabis blackburni"
"Kauai","Kauai_01","Nabis blackburni"
"Kauai","Kauai_01","Nabis blackburni"
"Kauai","Kauai_01","Nabis blackburni"
"Kauai","Kauai_01","Nabis blackburni"
"Kauai","Kauai_01","Drosophila papaalai"
"Kauai","Kauai_01","Drosophila papaalai"
"Kauai","Kauai_01","Drosophila papaalai"
"Kauai","Kauai_01","Drosophila papaalai"
"Kauai","Kauai_01","Drosophila papaalai"
"Kauai","Kauai_01","Drosophila papaalai"
"Kauai","Kauai_01","Drosophila papaalai"
"Kauai","Kauai_01","Drosophila papaalai"
"Kauai","Kauai_01","Drosophila papaalai"
"Kauai","Kauai_01","Drosophila papaalai"
"Kauai","Kauai_01","Drosophila papaalai"
"Kauai","Kauai_01","Drosophila papaalai"
"Kauai","Kauai_01","Friesea oleia"
"Kauai","Kauai_01","Friesea oleia"
"Kauai","Kauai_01","Friesea oleia"
"Kauai","Kauai_01","Friesea oleia"
"Kauai","Kauai_01","Friesea oleia"
"Kauai","Kauai_01","Friesea oleia"
"Kauai","Kauai_01","Friesea oleia"
"Kauai","Kauai_01","Friesea oleia"
"Kauai","Kauai_01","Friesea oleia"
"Kauai","Kauai_01","Friesea oleia"
"Kauai","Kauai_01","Friesea oleia"
"Kauai","Kauai_01","Heterocrossa plumbeonitida"
"Kauai","Kauai_01","Heterocrossa plumbeonitida"
"Kauai","Kauai_01","Heterocrossa plumbeonitida"
"Kauai","Kauai_01","Heterocrossa plumbeonitida"
"Kauai","Kauai_01","Heterocrossa plumbeonitida"
"Kauai","Kauai_01","Heterocrossa plumbeonitida"
"Kauai","Kauai_01","Heterocrossa plumbeonitida"
"Kauai","Kauai_01","Heterocrossa plumbeonitida"
"Kauai","Kauai_01","Heterocrossa plumbeonitida"
"Kauai","Kauai_01","Heterocrossa plumbeonitida"
"Kauai","Kauai_01","Heterocrossa plumbeonitida"
"Kauai","Kauai_01","Heterocrossa plumbeonitida"
"Kauai","Kauai_01","Heterocrossa plumbeonitida"
"Kauai","Kauai_01","Heterocrossa plumbeonitida"
"Kauai","Kauai_01","Heterocrossa plumbeonitida"
"Kauai","Kauai_01","Heterocrossa plumbeonitida"
"Kauai","Kauai_01","Heterocrossa plumbeonitida"
"Kauai","Kauai_01","Heterocrossa plumbeonitida"
"Kauai","Kauai_01","Heterocrossa plumbeonitida"
"Kauai","Kauai_01","Heterocrossa plumbeonitida"
"Kauai","Kauai_01","Heterocrossa plumbeonitida"
"Kauai","Kauai_01","Heterocrossa plumbeonitida"
"Kauai","Kauai_01","Heterocrossa plumbeonitida"
"Kauai","Kauai_01","Heterocrossa plumbeonitida"
"Kauai","Kauai_01","Heterocrossa plumbeonitida"
"Kauai","Kauai_01","Heterocrossa plumbeonitida"
"Kauai","Kauai_01","Heterocrossa plumbeonitida"
"Kauai","Kauai_01","Heterocrossa plumbeonitida"
"Kauai","Kauai_01","Heterocrossa plumbeonitida"
"Kauai","Kauai_01","Heterocrossa plumbeonitida"
"Kauai","Kauai_01","Heterocrossa plumbeonitida"
"Kauai","Kauai_01","Heterocrossa plumbeonitida"
"Kauai","Kauai_01","Heterocrossa plumbeonitida"
"Kauai","Kauai_01","Xyleborus vulcanus"
"Kauai","Kauai_01","Xyleborus vulcanus"
"Kauai","Kauai_01","Xyleborus vulcanus"
"Kauai","Kauai_01","Xyleborus vulcanus"
"Kauai","Kauai_01","Xyleborus vulcanus"
"Kauai","Kauai_01","Xyleborus vulcanus"
"Kauai","Kauai_01","Xyleborus vulcanus"
"Kauai","Kauai_01","Xyleborus vulcanus"
"Kauai","Kauai_01","Xyleborus vulcanus"
"Kauai","Kauai_01","Xyleborus vulcanus"
"Kauai","Kauai_01","Xyleborus vulcanus"
"Kauai","Kauai_01","Xyleborus vulcanus"
"Kauai","Kauai_01","Carposina olivaceonitens"
"Kauai","Kauai_01","Carposina olivaceonitens"
"Kauai","Kauai_01","Carposina olivaceonitens"
"Kauai","Kauai_01","Carposina olivaceonitens"
"Kauai","Kauai_01","Carposina olivaceonitens"
"Kauai","Kauai_01","Carposina olivaceonitens"
"Kauai","Kauai_01","Carposina olivaceonitens"
"Kauai","Kauai_01","Carposina olivaceonitens"
"Kauai","Kauai_01","Carposina olivaceonitens"
"Kauai","Kauai_01","Carposina olivaceonitens"
"Kauai","Kauai_01","Carposina olivaceonitens"
"Kauai","Kauai_01","Carposina olivaceonitens"
"Kauai","Kauai_01","Carposina olivaceonitens"
"Kauai","Kauai_01","Trigonidium novena"
"Kauai","Kauai_01","Trigonidium novena"
"Kauai","Kauai_01","Trigonidium novena"
"Kauai","Kauai_01","Trigonidium novena"
"Kauai","Kauai_01","Trigonidium novena"
"Kauai","Kauai_01","Trigonidium novena"
"Kauai","Kauai_01","Trigonidium novena"
"Kauai","Kauai_01","Trigonidium novena"
"Kauai","Kauai_01","Trigonidium novena"
"Kauai","Kauai_01","Trigonidium novena"
"Kauai","Kauai_01","Laupala kanaele"
"Kauai","Kauai_01","Laupala kanaele"
"Kauai","Kauai_01","Laupala kanaele"
"Kauai","Kauai_01","Laupala kanaele"
"Kauai","Kauai_01","Laupala kanaele"
"Kauai","Kauai_01","Laupala kanaele"
"Kauai","Kauai_01","Laupala kanaele"
"Kauai","Kauai_01","Laupala kanaele"
"Kauai","Kauai_01","Laupala kanaele"
"Kauai","Kauai_01","Laupala kanaele"
"Kauai","Kauai_01","Nesodynerus sandwichensis"
"Kauai","Kauai_01","Nesodynerus sandwichensis"
"Kauai","Kauai_01","Nesodynerus sandwichensis"
"Kauai","Kauai_01","Nesodynerus sandwichensis"
"Kauai","Kauai_01","Nesodynerus sandwichensis"
"Kauai","Kauai_01","Nesodynerus sandwichensis"
"Kauai","Kauai_01","Hypocala deflorata"
"Kauai","Kauai_01","Hypocala deflorata"
"Kauai","Kauai_01","Hypocala deflorata"
"Kauai","Kauai_01","Hypocala deflorata"
"Kauai","Kauai_01","Trigonidium flelectens"
"Kauai","Kauai_01","Trigonidium flectens"
"Kauai","Kauai_01","Trigonidium flectens"
"Kauai","Kauai_01","Trigonidium flectens"
"Kauai","Kauai_01","Trigonidium flectens"
"Kauai","Kauai_01","Trigonidium flectens"
"Kauai","Kauai_01","Trigonidium flectens"
"Kauai","Kauai_01","Trigonidium flectens"
"Kauai","Kauai_01","Trigonidium flectens"
"Kauai","Kauai_01","Trigonidium flectens"
"Kauai","Kauai_01","Trigonidium flectens"
"Kauai","Kauai_01","Trigonidium flectens"
"Kauai","Kauai_01","Trigonidium flectens"
"Kauai","Kauai_01","Trigonidium flectens"
"Kauai","Kauai_01","Trigonidium flectens"
"Kauai","Kauai_01","Trigonidium flectens"
"Kauai","Kauai_01","Trigonidium flectens"
"Kauai","Kauai_01","Trigonidium flectens"
"Kauai","Kauai_01","Trigonidium flectens"
"Kauai","Kauai_01","Trigonidium flectens"
"Kauai","Kauai_01","Trigonidium flectens"
"Kauai","Kauai_01","Trigonidium flectens"
"Kauai","Kauai_01","Trigonidium flectens"
"Kauai","Kauai_01","Trigonidium flectens"
"Kauai","Kauai_01","Nesiomiris seminotatus"
"Kauai","Kauai_01","Nesiomiris seminotatus"
"Kauai","Kauai_01","Nesiomiris seminotatus"
"Kauai","Kauai_01","Nesiomiris seminotatus"
"Kauai","Kauai_01","Nesiomiris seminotatus"
"Kauai","Kauai_01","Nesiomiris seminotatus"
"Kauai","Kauai_01","Nesiomiris seminotatus"
"Kauai","Kauai_01","Nesiomiris seminotatus"
"Kauai","Kauai_01","Nesiomiris seminotatus"
"Kauai","Kauai_01","Nesiomiris seminotatus"
"Kauai","Kauai_01","Nesiomiris seminotatus"
"Kauai","Kauai_01","Nesiomiris seminotatus"
"Kauai","Kauai_01","Nesiomiris seminotatus"
"Kauai","Kauai_01","Nesiomiris seminotatus"
"Kauai","Kauai_01","Nesiomiris seminotatus"
"Kauai","Kauai_01","Nesiomiris seminotatus"
"Kauai","Kauai_01","Nesiomiris seminotatus"
"Kauai","Kauai_01","Nesiomiris seminotatus"
"Kauai","Kauai_01","Nesiomiris seminotatus"
"Kauai","Kauai_01","Syntormon distortitarsis"
"Kauai","Kauai_01","Syntormon distortitarsis"
"Kauai","Kauai_01","Syntormon distortitarsis"
"Kauai","Kauai_01","Syntormon distortitarsis"
"Kauai","Kauai_01","Syntormon distortitarsis"
"Kauai","Kauai_01","Syntormon distortitarsis"
"Kauai","Kauai_01","Syntormon distortitarsis"
"Kauai","Kauai_01","Syntormon distortitarsis"
"Kauai","Kauai_01","Syntormon distortitarsis"
"Kauai","Kauai_01","Syntormon distortitarsis"
"Kauai","Kauai_01","Syntormon distortitarsis"
"Kauai","Kauai_01","Syntormon distortitarsis"
"Kauai","Kauai_01","Proterhinus setiger"
"Kauai","Kauai_01","Proterhinus setiger"
"Kauai","Kauai_01","Proterhinus setiger"
"Kauai","Kauai_01","Proterhinus setiger"
"Kauai","Kauai_01","Proterhinus setiger"
"Kauai","Kauai_01","Proterhinus setiger"
"Kauai","Kauai_01","Proterhinus setiger"
"Kauai","Kauai_01","Proterhinus setiger"
"Kauai","Kauai_01","Proterhinus setiger"
"Kauai","Kauai_01","Proterhinus setiger"
"Kauai","Kauai_01","Proterhinus setiger"
"Kauai","Kauai_01","Proterhinus setiger"
"Kauai","Kauai_01","Proterhinus setiger"
"Kauai","Kauai_01","Proterhinus setiger"
"Kauai","Kauai_01","Proterhinus setiger"
"Kauai","Kauai_01","Aedes nocturnus"
"Kauai","Kauai_01","Laupala wailua"
"Kauai","Kauai_01","Laupala wailua"
"Kauai","Kauai_01","Laupala wailua"
"Kauai","Kauai_01","Laupala wailua"
"Kauai","Kauai_01","Laupala wailua"
"Kauai","Kauai_01","Laupala wailua"
"Kauai","Kauai_01","Laupala wailua"
"Kauai","Kauai_01","Laupala wailua"
"Kauai","Kauai_01","Laupala wailua"
"Kauai","Kauai_01","Dacnitus currax"
"Kauai","Kauai_01","Dacnitus currax"
"Kauai","Kauai_01","Dacnitus currax"
"Kauai","Kauai_01","Dacnitus currax"
"Kauai","Kauai_01","Dacnitus currax"
"Kauai","Kauai_01","Dacnitus currax"
"Kauai","Kauai_01","Dacnitus currax"
"Kauai","Kauai_01","Dacnitus currax"
"Kauai","Kauai_01","Dacnitus currax"
"Kauai","Kauai_01","Dacnitus currax"
"Kauai","Kauai_01","Dacnitus currax"
"Kauai","Kauai_01","Dacnitus currax"
"Kauai","Kauai_01","Dacnitus currax"
"Kauai","Kauai_01","Dacnitus currax"
"Kauai","Kauai_01","Drosophila ornata"
"Kauai","Kauai_01","Drosophila ornata"
"Kauai","Kauai_01","Drosophila ornata"
"Kauai","Kauai_01","Drosophila ornata"
"Kauai","Kauai_01","Drosophila ornata"
"Kauai","Kauai_01","Schrankia simplex"
"Kauai","Kauai_01","Schrankia simplllex"
"Kauai","Kauai_01","Schrankia simplex"
"Kauai","Kauai_01","Schrankia simplex"
"Kauai","Kauai_01","Schrankia simplex"
"Kauai","Kauai_01","Schrankia simplex"
"Kauai","Kauai_01","Brontolaemus nudicornis"
"Kauai","Kauai_01","Brontolaemus nudicornis"
"Kauai","Kauai_01","Brontolaemus nudicornis"
"Kauai","Kauai_01","Brontolaemus nudicornis"
"Kauai","Kauai_01","Brontolaemus nudicornis"
"Kauai","Kauai_01","Hyposmocoma divisa"
"Kauai","Kauai_01","Hyposmocoma divisa"
"Kauai","Kauai_01","Hyposmocoma divisa"
"Kauai","Kauai_01","Hyposmocoma divisa"
"Kauai","Kauai_01","Bembidion munroi brevicolle"
"Kauai","Kauai_01","Bembidion munroi brevicolle"
"Kauai","Kauai_01","Bembidion munroi brevicolle"
"Kauai","Kauai_01","Bembidion munroi brevicolle"
"Kauai","Kauai_01","Bembidion munroi brevicolle"
"Kauai","Kauai_01","Bembidion munroi brevicolle"
"Kauai","Kauai_01","Bembidion munroi brevicolle"
"Kauai","Kauai_01","Bembidion munroi brevicolle"
"Kauai","Kauai_01","Oliarus kauaiensis"
"Kauai","Kauai_01","Oliarus kauaiensis"
"Kauai","Kauai_01","Oliarus kauaiensis"
"Kauai","Kauai_01","Oliarus kauaiensis"
"Kauai","Kauai_01","Oliarus kauaiensis"
"Kauai","Kauai_01","Oliarus kauaiensis"
"Kauai","Kauai_01","Oliarus kauaiensis"
"Kauai","Kauai_01","Oliarus kauaiensis"
"Kauai","Kauai_01","Hyposmocoma sordidella"
"Kauai","Kauai_01","Hyposmocoma sordidella"
"Kauai","Kauai_01","Hyposmocoma sordidella"
"Kauai","Kauai_01","Hyposmocoma sordidella"
"Kauai","Kauai_01","Hyposmocoma sordidella"
"Kauai","Kauai_01","Hyposmocoma sordidella"
"Kauai","Kauai_01","Hyposmocoma sordidella"
"Kauai","Kauai_01","Holcobius frater"
"Kauai","Kauai_01","Holcobius frater"
"Kauai","Kauai_01","Holcobius frater"
"Kauai","Kauai_01","Holcobius frater"
"Kauai","Kauai_01","Carulaspis giffardi"
"Kauai","Kauai_01","Carulaspis giffardi"
"Kauai","Kauai_01","Carulaspis giffardi"
"Kauai","Kauai_01","Carulaspis giffardi"
"Kauai","Kauai_01","Trigonidium octonalis"
"Kauai","Kauai_01","Trigonidium octonalis"
"Kauai","Kauai_01","Trigonidium octonalis"
"Kauai","Kauai_01","Trigonidium octonalis"
"Kauai","Kauai_01","Trigonidium octonalis"
"Kauai","Kauai_01","Hemiberlesia rapax"
"Kauai","Kauai_01","Hemiberlesia rapax"
"Kauai","Kauai_01","Hemiberlesia rapax"
"Kauai","Kauai_01","Hemiberlesia rapax"
"Kauai","Kauai_01","Hemiberlesia rapax"
"Kauai","Kauai_01","Hemiberlesia rapax"
"Kauai","Kauai_01","Hemiberlesia rapax"
"Kauai","Kauai_01","Hemiberlesia rapax"
"Kauai","Kauai_01","Decadarchis penicillata"
"Kauai","Kauai_01","Decadarchis penicillata"
"Kauai","Kauai_01","Decadarchis penicillata"
"Kauai","Kauai_01","Decadarchis penicillata"
"Kauai","Kauai_01","Decadarchis penicillata"
"Kauai","Kauai_01","Decadarchis penicillata"
"Kauai","Kauai_01","Tempyra biguttula"
"Kauai","Kauai_01","Tempyra biguttula"
"Kauai","Kauai_01","Tempyra biguttula"
"Kauai","Kauai_01","Tempyra biguttula"
"Kauai","Kauai_01","Tempyra biguttula"
"Kauai","Kauai_01","Tempyra biguttula"
"Kauai","Kauai_01","Tempyra biguttula"
"Kauai","Kauai_01","Tempyra biguttula"
"Kauai","Kauai_01","Tempyra biguttula"
"Kauai","Kauai_01","Tempyra biguttula"
"Kauai","Kauai_01","Tempyra biguttula"
"Kauai","Kauai_01","Tempyra biguttula"
"Kauai","Kauai_01","Tempyra biguttula"
"Kauai","Kauai_01","Tempyra biguttula"
"Kauai","Kauai_01","Tempyra biguttula"
"Kauai","Kauai_01","Tempyra biguttula"
"Kauai","Kauai_01","Tempyra biguttula"
"Kauai","Kauai_01","Spolas delicata"
"Kauai","Kauai_01","Spolas delicata"
"Kauai","Kauai_01","Udea calliastra"
"Kauai","Kauai_01","Udea calliastra"
"Kauai","Kauai_01","Udea calliastra"
"Kauai","Kauai_01","Udea calliastra"
"Kauai","Kauai_01","Udea calliastra"
"Kauai","Kauai_01","Udea calliastra"
"Kauai","Kauai_01","Udea calliastra"
"Kauai","Kauai_01","Udea calliastra"
"Kauai","Kauai_01","Disenochus erythropus"
"Kauai","Kauai_01","Disenochus erythropus"
"Kauai","Kauai_01","Disenochus erythropus"
"Kauai","Kauai_01","Disenochus erythropus"
"Kauai","Kauai_01","Disenochus erythropus"
"Kauai","Kauai_01","Disenochus erythropus"
"Kauai","Kauai_01","Disenochus erythropus"
"Kauai","Kauai_01","Disenochus erythropus"
"Kauai","Kauai_01","Disenochus erythropus"
"Kauai","Kauai_01","Disenochus erythropus"
"Kauai","Kauai_01","Disenochus erythropus"
"Kauai","Kauai_01","Disenochus erythropus"
"Kauai","Kauai_01","Disenochus erythropus"
"Kauai","Kauai_01","Disenochus erythropus"
"Kauai","Kauai_01","Disenochus erythropus"
"Kauai","Kauai_01","Paralabella curvicauda"
"Kauai","Kauai_01","Paralabella curvicauda"
"Kauai","Kauai_01","Paralabella curvicauda"
"Kauai","Kauai_01","Quadristruma emmae"
"Kauai","Kauai_01","Quadristruma emmae"
"Kauai","Kauai_01","Quadristruma emmae"
"Kauai","Kauai_01","Quadristruma emmae"
"Kauai","Kauai_01","Quadristruma emmae"
"Kauai","Kauai_01","Quadristruma emmae"
"Kauai","Kauai_01","Quadristruma emmae"
"Kauai","Kauai_01","Quadristruma emmae"
"Kauai","Kauai_01","Quadristruma emmae"
"Kauai","Kauai_01","Quadristruma emmae"
"Kauai","Kauai_01","Thyrocopa brevipalpis"
"Kauai","Kauai_01","Thyrocopa brevipalpis"
"Kauai","Kauai_01","Thyrocopa brevipalpis"
"Kauai","Kauai_01","Thyrocopa brevipalpis"
"Kauai","Kauai_01","Thyrocopa brevipalpis"
"Kauai","Kauai_01","Chrysomphalus dictyospermi"
"Kauai","Kauai_01","Chrysomphalus dictyospermi"
"Kauai","Kauai_01","Chrysomphalus dictyospermi"
"Kauai","Kauai_01","Orthellia caesarion"
"Kauai","Kauai_01","Orthellia caesarion"
"Kauai","Kauai_01","Orthellia caesarion"
"Kauai","Kauai_01","Orthellia caesarion"
"Kauai","Kauai_01","Orthellia caesarion"
"Kauai","Kauai_01","Orthellia caesarion"
"Kauai","Kauai_01","Orthellia caesarion"
"Kauai","Kauai_01","Orthellia caesarion"
"Kauai","Kauai_01","Orthellia caesarion"
"Kauai","Kauai_01","Orthellia caesarion"
"Kauai","Kauai_01","Orthellia caesarion"
"Kauai","Kauai_01","Orthellia caesarion"
"Kauai","Kauai_01","Orthellia caesarion"
"Kauai","Kauai_01","Orthellia caesarion"
"Kauai","Kauai_01","Polypedilum nubiferum"
"Kauai","Kauai_01","Polypedilum nubiferum"
"Kauai","Kauai_01","Polypedilum nubiferum"
"Kauai","Kauai_01","Polypedilum nubiferum"
"Kauai","Kauai_01","Polypedilum nubiferum"
"Kauai","Kauai_01","Polypedilum nubiferum"
"Kauai","Kauai_01","Polypedilum nubiferum"
"Kauai","Kauai_01","Polypedilum nubiferum"
"Kauai","Kauai_01","Polypedilum nubiferum"
"Kauai","Kauai_01","Polypedilum nubiferum"
"Kauai","Kauai_01","Polypedilum nubiferum"
"Kauai","Kauai_01","Polypedilum nubiferum"
"Kauai","Kauai_01","Polypedilum nubiferum"
"Kauai","Kauai_01","Polypedilum nubiferum"
"Kauai","Kauai_01","Polypedilum nubiferum"
"Kauai","Kauai_01","Polypedilum nubiferum"
"Kauai","Kauai_01","Polypedilum nubiferum"
"Kauai","Kauai_01","Polypedilum nubiferum"
"Kauai","Kauai_01","Polypedilum nubiferum"
"Kauai","Kauai_01","Neelus minutus"
"Kauai","Kauai_01","Neelus minutus"
"Kauai","Kauai_01","Neelus minutus"
"Kauai","Kauai_01","Neelus minutus"
"Kauai","Kauai_01","Neelus minutus"
"Kauai","Kauai_01","Neelus minutus"
"Kauai","Kauai_01","Neelus minutus"
"Kauai","Kauai_01","Hyposmocoma palmivora"
"Kauai","Kauai_01","Hyposmocoma palmivora"
"Kauai","Kauai_01","Hyposmocoma palmivora"
"Kauai","Kauai_01","Hyposmocoma palmivora"
"Kauai","Kauai_01","Hyposmocoma palmivora"
"Kauai","Kauai_01","Hyposmocoma palmivora"
"Kauai","Kauai_01","Hyposmocoma palmivora"
"Kauai","Kauai_01","Hyposmocoma palmivora"
"Kauai","Kauai_01","Hyposmocoma palmivora"
"Kauai","Kauai_01","Hyposmocoma palmivora"
"Kauai","Kauai_01","Hyposmocoma palmivora"
"Kauai","Kauai_01","Hyposmocoma palmivora"
"Kauai","Kauai_01","Oceanides humeralis"
"Kauai","Kauai_01","Oceanides humeralis"
"Kauai","Kauai_01","Oceanides humeralis"
"Kauai","Kauai_01","Schrankia altivolans"
"Kauai","Kauai_01","Schrankia altivolans"
"Kauai","Kauai_01","Schrankia altivolans"
"Kauai","Kauai_01","Schrankia altivolans"
"Kauai","Kauai_01","Schrankia altivolans"
"Kauai","Kauai_01","Schrankia altivolans"
"Kauai","Kauai_01","Schrankia altivolans"
"Kauai","Kauai_01","Oxytelus advena"
"Kauai","Kauai_01","Oxytelus advena"
"Kauai","Kauai_01","Oxytelus advena"
"Kauai","Kauai_01","Oxytelus advena"
"Kauai","Kauai_01","Oxytelus advena"
"Kauai","Kauai_01","Oxytelus advena"
"Kauai","Kauai_01","Cligenes marianensis"
"Kauai","Kauai_01","Cligenes marianensis"
"Kauai","Kauai_01","Cligenes marianensis"
"Kauai","Kauai_01","Cligenes marianensis"
"Kauai","Kauai_01","Cligenes marianensis"
"Kauai","Kauai_01","Cligenes marianensis"
"Kauai","Kauai_01","Cligenes marianensis"
"Kauai","Kauai_01","Cligenes marianensis"
"Kauai","Kauai_01","Cligenes marianensis"
"Kauai","Kauai_01","Cligenes marianensis"
"Kauai","Kauai_01","Cligenes marianensis"
"Kauai","Kauai_01","Cligenes marianensis"
"Kauai","Kauai_01","Cligenes marianensis"
"Kauai","Kauai_01","Cligenes marianensis"
"Kauai","Kauai_01","Cligenes marianensis"
"Kauai","Kauai_01","Pseudopterocheilus relictus"
"Kauai","Kauai_01","Pseudopterocheilus relictus"
"Kauai","Kauai_01","Pseudopterocheilus relictus"
"Kauai","Kauai_01","Pseudopterocheilus relictus"
"Kauai","Kauai_01","Pseudopterocheilus relictus"
"Kauai","Kauai_01","Pseudopterocheilus relictus"
"Kauai","Kauai_01","Pseudopterocheilus relictus"
"Kauai","Kauai_01","Pseudopterocheilus relictus"
"Kauai","Kauai_01","Pararrhaptica dermatopa"
"Kauai","Kauai_01","Pararrhaptica dermatopa"
"Kauai","Kauai_01","Pararrhaptica dermatopa"
"Kauai","Kauai_01","Pararrhaptica dermatopa"
"Kauai","Kauai_01","Pararrhaptica dermatopa"
"Kauai","Kauai_01","Pararrhaptica dermatopa"
"Kauai","Kauai_01","Pararrhaptica dermatopa"
"Kauai","Kauai_01","Pararrhaptica dermatopa"
"Kauai","Kauai_01","Pararrhaptica dermatopa"
"Kauai","Kauai_01","Pararrhaptica dermatopa"
"Kauai","Kauai_01","Pararrhaptica dermatopa"
"Kauai","Kauai_01","Pararrhaptica dermatopa"
"Kauai","Kauai_01","Pararrhaptica dermatopa"
"Kauai","Kauai_01","Pararrhaptica dermatopa"
"Kauai","Kauai_01","Pararrhaptica dermatopa"
"Kauai","Kauai_01","Tenuipalpus pacificus"
"Kauai","Kauai_01","Tenuipalpus pacificus"
"Kauai","Kauai_01","Tenuipalpus pacificus"
"Kauai","Kauai_01","Tenuipalpus pacificus"
"Kauai","Kauai_01","Tenuipalpus pacificus"
"Kauai","Kauai_01","Tenuipalpus pacificus"
"Kauai","Kauai_01","Tenuipalpus pacificus"
"Kauai","Kauai_01","Tenuipalpus pacificus"
"Kauai","Kauai_01","Tenuipalpus pacificus"
"Kauai","Kauai_01","Tenuipalpus pacificus"
"Kauai","Kauai_01","Tenuipalpus pacificus"
"Kauai","Kauai_01","Tenuipalpus pacificus"
"Kauai","Kauai_01","Tenuipalpus pacificus"
"Kauai","Kauai_01","Tenuipalpus pacificus"
"Kauai","Kauai_01","Tenuipalpus pacificus"
"Kauai","Kauai_01","Lycaena boetica"
"Kauai","Kauai_01","Lycaena boetica"
"Kauai","Kauai_01","Lycaena boetica"
"Kauai","Kauai_01","Lycaena boetica"
"Kauai","Kauai_01","Lycaena boetica"
"Kauai","Kauai_01","Lycaena boetica"
"Kauai","Kauai_01","Lycaena boetica"
"Kauai","Kauai_01","Lycaena boetica"
"Kauai","Kauai_01","Lycaena boetica"
"Kauai","Kauai_01","Lycaena boetica"
"Kauai","Kauai_01","Lycaena boetica"
"Kauai","Kauai_01","Lycaena boetica"
"Kauai","Kauai_01","Lycaena boetica"
"Kauai","Kauai_01","Lycaena boetica"
"Kauai","Kauai_01","Lycaena boetica"
"Kauai","Kauai_01","Plagithmysus sugawai"
"Kauai","Kauai_01","Plagithmysus sugawai"
"Kauai","Kauai_01","Plagithmysus sugawai"
"Kauai","Kauai_01","Plagithmysus sugawai"
"Kauai","Kauai_01","Plagithmysus sugawai"
"Kauai","Kauai_01","Plagithmysus sugawai"
"Kauai","Kauai_01","Plagithmysus sugawai"
"Kauai","Kauai_01","Plagithmysus sugawai"
"Kauai","Kauai_01","Clunio vagans"
"Kauai","Kauai_01","Clunio vagans"
"Kauai","Kauai_01","Clunio vagans"
"Kauai","Kauai_01","Clunio vagans"
"Kauai","Kauai_01","Clunio vagans"
"Kauai","Kauai_01","Clunio vagans"
"Kauai","Kauai_01","Clunio vagans"
"Kauai","Kauai_01","Clunio vagans"
"Kauai","Kauai_01","Clunio vagans"
"Kauai","Kauai_01","Clunio vagans"
"Kauai","Kauai_01","Clunio vagans"
"Kauai","Kauai_01","Clunio vagans"
"Kauai","Kauai_01","Clunio vagans"
"Kauai","Kauai_01","Clunio vagans"
"Kauai","Kauai_01","Hyposmocoma centralis"
"Kauai","Kauai_01","Hyposmocoma centralis"
"Kauai","Kauai_01","Hyposmocoma centralis"
"Kauai","Kauai_01","Hyposmocoma centralis"
"Kauai","Kauai_01","Hyposmocoma centralis"
"Kauai","Kauai_01","Hyposmocoma centralis"
"Kauai","Kauai_01","Hyposmocoma centralis"
"Kauai","Kauai_01","Hyposmocoma centralis"
"Kauai","Kauai_01","Hyposmocoma centralis"
"Kauai","Kauai_01","Hyposmocoma centralis"
"Kauai","Kauai_01","Hyposmocoma centralis"
"Kauai","Kauai_01","Epiphyas postvittana"
"Kauai","Kauai_01","Epiphyas postvittana"
"Kauai","Kauai_01","Epiphyas postvittana"
"Kauai","Kauai_01","Epiphyas postvittana"
"Kauai","Kauai_01","Epiphyas postvittana"
"Kauai","Kauai_01","Epiphyas postvittana"
"Kauai","Kauai_01","Epiphyas postvittana"
"Kauai","Kauai_01","Epiphyas postvittana"
"Kauai","Kauai_01","Epiphyas postvittana"
"Kauai","Kauai_01","Epiphyas postvittana"
"Kauai","Kauai_01","Epiphyas postvittana"
"Kauai","Kauai_01","Epiphyas postvittana"
"Kauai","Kauai_01","Epiphyas postvittana"
"Kauai","Kauai_01","Conioscinella formosa"
"Kauai","Kauai_01","Dialeurodes kirkaldyi"
"Kauai","Kauai_01","Dialeurodes kirkaldyi"
"Kauai","Kauai_01","Dialeurodes kirkaldyi"
"Kauai","Kauai_01","Dialeurodes kirkaldyi"
"Kauai","Kauai_01","Dialeurodes kirkaldyi"
"Kauai","Kauai_01","Dialeurodes kirkaldyi"
"Kauai","Kauai_01","Dialeurodes kirkaldyi"
"Kauai","Kauai_01","Dialeurodes kirkaldyi"
"Kauai","Kauai_01","Cryptophlebia ombrodelta"
"Kauai","Kauai_01","Cryptophlebia ombrodelta"
"Kauai","Kauai_01","Cryptophlebia ombrodelta"
"Kauai","Kauai_01","Cryptophlebia ombrodelta"
"Kauai","Kauai_01","Cryptophlebia ombrodelta"
"Kauai","Kauai_01","Campsicnemus penicillatus"
"Kauai","Kauai_01","Campsicnemus penicillatus"
"Kauai","Kauai_01","Campsicnemus penicillatus"
"Kauai","Kauai_01","Campsicnemus penicillatus"
"Kauai","Kauai_01","Campsicnemus penicillatus"
"Kauai","Kauai_01","Campsicnemus penicillatus"
"Kauai","Kauai_01","Campsicnemus penicillatus"
"Kauai","Kauai_01","Mesovelia mulsanti"
"Kauai","Kauai_01","Mesovelia mulsanti"
"Kauai","Kauai_01","Mesovelia mulsanti"
"Kauai","Kauai_01","Mesovelia mulsanti"
"Kauai","Kauai_01","Mesovelia mulsanti"
"Kauai","Kauai_01","Mesovelia mulsanti"
"Kauai","Kauai_01","Mesovelia mulsanti"
"Kauai","Kauai_01","Mesovelia mulsanti"
"Kauai","Kauai_01","Mesovelia mulsanti"
"Kauai","Kauai_01","Mesovelia mulsanti"
"Kauai","Kauai_01","Mesovelia mulsanti"
"Kauai","Kauai_01","Evaza javanensis"
"Kauai","Kauai_01","Evaza javanensis"
"Kauai","Kauai_01","Evaza javanensis"
"Kauai","Kauai_01","Evaza javanensis"
"Kauai","Kauai_01","Evaza javanensis"
"Kauai","Kauai_01","Evaza javanensis"
"Kauai","Kauai_01","Evaza javanensis"
"Kauai","Kauai_01","Mesothriscus optimus"
"Kauai","Kauai_01","Mesothriscus optimus"
"Kauai","Kauai_01","Mesothriscus optimus"
"Kauai","Kauai_01","Chrysoperla comanche"
"Kauai","Kauai_01","Chrysoperla comanche"
"Kauai","Kauai_01","Chrysoperla comanche"
"Kauai","Kauai_01","Chrysoperla comanche"
"Kauai","Kauai_01","Chrysoperla comanche"
"Kauai","Kauai_01","Cardiocondyla venustula"
"Kauai","Kauai_01","Cardiocondyla venustula"
"Kauai","Kauai_01","Cardiocondyla venustula"
"Kauai","Kauai_01","Cardiocondyla venustula"
"Kauai","Kauai_01","Cardiocondyla venustula"
"Kauai","Kauai_01","Cardiocondyla venustula"
"Kauai","Kauai_01","Cardiocondyla venustula"
"Kauai","Kauai_01","Cardiocondyla venustula"
"Kauai","Kauai_01","Cardiocondyla venustula"
"Kauai","Kauai_01","Cardiocondyla venustula"
"Kauai","Kauai_01","Cardiocondyla venustula"
"Kauai","Kauai_01","Cardiocondyla venustula"
"Kauai","Kauai_01","Scaptomyza hardyi"
"Kauai","Kauai_01","Scaptomyza hardyi"
"Kauai","Kauai_01","Scaptomyza hardyi"
"Kauai","Kauai_01","Scaptomyza hardyi"
"Kauai","Kauai_01","Scaptomyza hardyi"
"Kauai","Kauai_01","Scaptomyza hardyi"
"Kauai","Kauai_01","Scaptomyza hardyi"
"Kauai","Kauai_01","Scaptomyza hardyi"
"Kauai","Kauai_01","Tinostoma smaragditis"
"Kauai","Kauai_01","Tinostoma smaragditis"
"Kauai","Kauai_01","Tinostoma smaragditis"
"Kauai","Kauai_01","Tinostoma smaragditis"
"Kauai","Kauai_01","Tinostoma smaragditis"
"Kauai","Kauai_01","Tinostoma smaragditis"
"Kauai","Kauai_01","Tinostoma smaragditis"
"Kauai","Kauai_01","Tinostoma smaragditis"
"Kauai","Kauai_01","Tinostoma smaragditis"
"Kauai","Kauai_01","Tinostoma smaragditis"
"Kauai","Kauai_01","Tinostoma smaragditis"
"Kauai","Kauai_01","Tinostoma smaragditis"
"Kauai","Kauai_01","Tinostoma smaragditis"
"Kauai","Kauai_01","Tinostoma smaragditis"
"Kauai","Kauai_01","Tinostoma smaragditis"
"Kauai","Kauai_01","Aleurothrixus floccosus"
"Kauai","Kauai_01","Aleurothrixus floccosus"
"Kauai","Kauai_01","Aleurothrixus floccosus"
"Kauai","Kauai_01","Nipponorthezia guadalcanalia"
"Kauai","Kauai_01","Nipponorthezia guadalcanalia"
"Kauai","Kauai_01","Nipponorthezia guadalcanalia"
"Kauai","Kauai_01","Nipponorthezia guadalcanalia"
"Kauai","Kauai_01","Nipponorthezia guadalcanalia"
"Kauai","Kauai_01","Nipponorthezia guadalcanalia"
"Kauai","Kauai_01","Nipponorthezia guadalcanalia"
"Kauai","Kauai_01","Nipponorthezia guadalcanalia"
"Kauai","Kauai_01","Phidippus audax"
"Kauai","Kauai_01","Phidippus audax"
"Kauai","Kauai_01","Phidippus audax"
"Kauai","Kauai_01","Phidippus audax"
"Kauai","Kauai_01","Phidippus audax"
"Kauai","Kauai_01","Phidippus audax"
"Kauai","Kauai_01","Phidippus audax"
"Kauai","Kauai_01","Phidippus audax"
"Kauai","Kauai_01","Phidippus audax"
"Kauai","Kauai_01","Phidippus audax"
"Kauai","Kauai_01","Phidippus audax"
"Kauai","Kauai_01","Phidippus audax"
"Kauai","Kauai_01","Phidippus audax"
"Kauai","Kauai_01","Phidippus audax"
"Kauai","Kauai_01","Phidippus audax"
"Kauai","Kauai_01","Phidippus audax"
"Kauai","Kauai_01","Phidippus audax"
"Kauai","Kauai_01","Phidippus audax"
"Kauai","Kauai_01","Phidippus audax"
"Kauai","Kauai_01","Phidippus audax"
"Kauai","Kauai_01","Phidippus audax"
"Kauai","Kauai_01","Phidippus audax"
"Kauai","Kauai_01","Phidippus audax"
"Kauai","Kauai_01","Phidippus audax"
"Kauai","Kauai_01","Phidippus audax"
"Kauai","Kauai_01","Phidippus audax"
"Kauai","Kauai_01","Phidippus audax"
"Kauai","Kauai_01","Phidippus audax"
"Kauai","Kauai_01","Phidippus audax"
"Kauai","Kauai_01","Diplonevra peregrina"
"Kauai","Kauai_01","Diplonevra peregrina"
"Kauai","Kauai_01","Diplonevra peregrina"
"Kauai","Kauai_01","Diplonevra peregrina"
"Kauai","Kauai_01","Diplonevra peregrina"
"Kauai","Kauai_01","Diplonevra peregrina"
"Kauai","Kauai_01","Diplonevra peregrina"
"Kauai","Kauai_01","Diplonevra peregrina"
"Kauai","Kauai_01","Diplonevra peregrina"
"Kauai","Kauai_01","Diplonevra peregrina"
"Kauai","Kauai_01","Diplonevra peregrina"
"Kauai","Kauai_01","Diplonevra peregrina"
"Kauai","Kauai_01","Diplonevra peregrina"
"Kauai","Kauai_01","Diplonevra peregrina"
"Kauai","Kauai_01","Diplonevra peregrina"
"Kauai","Kauai_01","Diplonevra peregrina"
"Kauai","Kauai_01","Diplonevra peregrina"
"Kauai","Kauai_01","Diplonevra peregrina"
"Kauai","Kauai_01","Diplonevra peregrina"
"Kauai","Kauai_01","Holcobius insignis"
"Kauai","Kauai_01","Holcobius insignis"
"Kauai","Kauai_01","Holcobius insignis"
"Kauai","Kauai_01","Holcobius insignis"
"Kauai","Kauai_01","Holcobius insignis"
"Kauai","Kauai_01","Holcobius insignis"
"Kauai","Kauai_01","Holcobius insignis"
"Kauai","Kauai_01","Holcobius insignis"
"Kauai","Kauai_01","Holcobius insignis"
"Kauai","Kauai_01","Holcobius insignis"
"Kauai","Kauai_01","Holcobius insignis"
"Kauai","Kauai_01","Holcobius insignis"
"Kauai","Kauai_01","Holcobius insignis"
"Kauai","Kauai_01","Holcobius insignigis"
"Kauai","Kauai_01","Holcobius insignis"
"Kauai","Kauai_01","Holcobius insignis"
"Kauai","Kauai_01","Holcobius insignis"
"Kauai","Kauai_01","Holcobius insignis"
"Kauai","Kauai_01","Dyscritomyia fulgens"
"Kauai","Kauai_01","Dyscritomyia fulgens"
"Kauai","Kauai_01","Dyscritomyia fulgens"
"Kauai","Kauai_01","Dyscritomyia fulgens"
"Kauai","Kauai_01","Contarinia sorghicola"
"Kauai","Kauai_01","Contarinia sorghicola"
"Kauai","Kauai_01","Contarinia sorghicola"
"Kauai","Kauai_01","Contarinia sorghicola"
"Kauai","Kauai_01","Hawaiodillo sharpi"
"Kauai","Kauai_01","Hawaiodillo sharpi"
"Kauai","Kauai_01","Hawaiodillo sharpi"
"Kauai","Kauai_01","Hawaiodillo sharpi"
"Kauai","Kauai_01","Hawaiodillo sharpi"
"Kauai","Kauai_01","Hawaiodillo sharpi"
"Kauai","Kauai_01","Hawaiodillo sharpi"
"Kauai","Kauai_01","Hawaiodillo sharpi"
"Kauai","Kauai_01","Hawaiodillo sharpi"
"Kauai","Kauai_01","Hawaiodillo sharpi"
"Kauai","Kauai_01","Hawaiodillo sharpi"
"Kauai","Kauai_01","Hyposmocoma petroptilota"
"Kauai","Kauai_01","Hyposmocoma petroptilota"
"Kauai","Kauai_01","Hyposmocoma petroptilota"
"Kauai","Kauai_01","Hyposmocoma petroptilota"
"Kauai","Kauai_01","Hyposmocoma petroptilota"
"Kauai","Kauai_01","Hyposmocoma petroptilota"
"Kauai","Kauai_01","Hyposmocoma petroptilota"
"Kauai","Kauai_01","Onychiurus folsomi"
"Kauai","Kauai_01","Onychiurus folsomi"
"Kauai","Kauai_01","Onychiurus folsomi"
"Kauai","Kauai_01","Onychiurus folsomi"
"Kauai","Kauai_01","Onychiurus folsomi"
"Kauai","Kauai_01","Onychiurus folsomi"
"Kauai","Kauai_01","Onychiurus folsomi"
"Kauai","Kauai_01","Onychiurus folsomi"
"Kauai","Kauai_01","Onychiurus folsomi"
"Kauai","Kauai_01","Onychiurus folsomi"
"Kauai","Kauai_01","Onychiurus folsomi"
"Kauai","Kauai_01","Onychiurus folsomi"
"Maui","Maui_01","Drosophila spectabilis"
"Maui","Maui_01","Drosophila spectabilis"
"Maui","Maui_01","Mecaphesa hiatus"
"Maui","Maui_01","Mecaphesa hiatus"
"Maui","Maui_01","Cis immaturus"
"Maui","Maui_01","Cis immaturus"
"Maui","Maui_01","Cis immaturus"
"Maui","Maui_01","Cis immaturus"
"Maui","Maui_01","Cis immaturus"
"Maui","Maui_01","Cis immaturus"
"Maui","Maui_01","Cis immaturus"
"Maui","Maui_01","Campsicnemus ephydrus"
"Maui","Maui_01","Campsicnemus philohydratus"
"Maui","Maui_01","Campsicnemus philohydratus"
"Maui","Maui_01","Campsicnemus philohydratus"
"Maui","Maui_01","Eurynogaster variabilis"
"Maui","Maui_01","Eurynogaster variabilis"
"Maui","Maui_01","Eurynogaster variabilis"
"Maui","Maui_01","Eurynogaster variabilis"
"Maui","Maui_01","Gymnochiromyia hawaiiensis"
"Maui","Maui_01","Gymnochiromyia hawaiiensis"
"Maui","Maui_01","Gymnochiromyia hawaiiensis"
"Maui","Maui_01","Gymnochiromyia hawaiiensis"
"Maui","Maui_01","Caryedon serratus"
"Maui","Maui_01","Caryedon serratus"
"Maui","Maui_01","Stoeberhinus testaceus"
"Maui","Maui_01","Stoeberhinus testaceus"
"Maui","Maui_01","Stoeberhinus testaceus"
"Maui","Maui_01","Stoeberhinus testaceus"
"Maui","Maui_01","Nesomicromus brunnescens"
"Maui","Maui_01","Nesomicromus brunnescens"
"Maui","Maui_01","Nesomicromus brunnescens"
"Maui","Maui_01","Nesomicromus brunnescens"
"Maui","Maui_01","Nesomicromus brunnescens"
"Maui","Maui_01","Nesomicromus brunnescens"
"Maui","Maui_01","Nesomicromus brunnescens"
"Maui","Maui_01","Nesomicromus brunnescens"
"Maui","Maui_01","Nesomicromus brunnescens"
"Maui","Maui_01","Nesomicromus brunnescens"
"Maui","Maui_01","Nesomicromus brunnescens"
"Maui","Maui_01","Nesomicromus brunnescens"
"Maui","Maui_01","Proterhinus comes"
"Maui","Maui_01","Proterhinus comes"
"Maui","Maui_01","Proterhinus comes"
"Maui","Maui_01","Cephalops titanus"
"Maui","Maui_01","Cephalops titanus"
"Maui","Maui_01","Cephalops titanus"
"Maui","Maui_01","Cephalops titanus"
"Maui","Maui_01","Cephalops titanus"
"Maui","Maui_01","Cephalops titanus"
"Maui","Maui_01","Cephalops titanus"
"Maui","Maui_01","Cephalops titanus"
"Maui","Maui_01","Cephalops titanus"
"Maui","Maui_01","Vespula pensylvanica"
"Maui","Maui_01","Vespula pensylvanica"
"Maui","Maui_01","Vespula pensylvanica"
"Maui","Maui_01","Vespula pensylvanica"
"Maui","Maui_01","Vespula pensylvanica"
"Maui","Maui_01","Vespula pensylvanica"
"Maui","Maui_01","Vespula pensylvanica"
"Maui","Maui_01","Vespula pensylvanica"
"Maui","Maui_01","Vespula pensylvanica"
"Maui","Maui_01","Vespula pensylvanica"
"Maui","Maui_01","Canaceoides angulatus"
"Maui","Maui_01","Canaceoides angulatus"
"Maui","Maui_01","Canaceoides angulatus"
"Maui","Maui_01","Canaceoides angulatus"
"Maui","Maui_01","Canaceoides angulatus"
"Maui","Maui_01","Tetragnatha acuta"
"Maui","Maui_01","Tetragnatha acuta"
"Maui","Maui_01","Tetragnatha acuta"
"Maui","Maui_01","Forcipomyia ingrami"
"Maui","Maui_01","Buenoa pallipes"
"Maui","Maui_01","Buenoa pallipes"
"Maui","Maui_01","Buenoa pallipes"
"Maui","Maui_01","Buenoa pallipes"
"Maui","Maui_01","Buenoa pallipes"
"Maui","Maui_01","Buenoa pallipes"
"Maui","Maui_01","Buenoa pallipes"
"Maui","Maui_01","Buenoa pallipes"
"Maui","Maui_01","Buenoa pallipes"
"Maui","Maui_01","Buenoa pallipes"
"Maui","Maui_01","Buenoa pallipes"
"Maui","Maui_01","Mecyclothorax unctus"
"Maui","Maui_01","Mecyclothorax unctus"
"Maui","Maui_01","Oeobia heterodoxa"
"Maui","Maui_01","Ephydra millbrae"
"Maui","Maui_01","Ephydra millbrae"
"Maui","Maui_01","Ephydra millbrae"
"Maui","Maui_01","Ephydra millbrae"
"Maui","Maui_01","Ephydra millbrae"
"Maui","Maui_01","Ephydra millbrae"
"Maui","Maui_01","Ephydra millbrae"
"Maui","Maui_01","Ephydra millbrae"
"Maui","Maui_01","Ephydra millbrae"
"Maui","Maui_01","Ephydra millbrae"
"Maui","Maui_01","Ephydra millbrae"
"Maui","Maui_01","Ephydra millbrae"
"Maui","Maui_01","Lispocephala xanthopleura"
"Maui","Maui_01","Lispocephala xanthopleura"
"Maui","Maui_01","Lispocephala xanthopleura"
"Maui","Maui_01","Lispocephala xanthopleura"
"Maui","Maui_01","Lispocephala xanthopleura"
"Maui","Maui_01","Lispocephala xanthopleura"
"Maui","Maui_01","Araecerus vieillardi"
"Maui","Maui_01","Carpophilus maculatus"
"Maui","Maui_01","Carpophilus maculatus"
"Maui","Maui_01","Carpophilus maculatus"
"Maui","Maui_01","Carpophilus maculatus"
"Maui","Maui_01","Carposina mauii"
"Maui","Maui_01","Carposina mauii"
"Maui","Maui_01","Carposina mauii"
"Maui","Maui_01","Carposina mauii"
"Maui","Maui_01","Carposina mauii"
"Maui","Maui_01","Carposina mauii"
"Maui","Maui_01","Carposina mauii"
"Maui","Maui_01","Carposina mauii"
"Maui","Maui_01","Carposina mauii"
"Maui","Maui_01","Carposina mauiii"
"Maui","Maui_01","Carposina mauii"
"Maui","Maui_01","Carposina mauii"
"Maui","Maui_01","Odynerus nigripennis"
"Maui","Maui_01","Odynerus nigripennis"
"Maui","Maui_01","Odynerus nigripennis"
"Maui","Maui_01","Odynerus nigripennis"
"Maui","Maui_01","Chlorococcus straussiae"
"Maui","Maui_01","Chlorococcus straussiae"
"Maui","Maui_01","Chlorococcus straussiae"
"Maui","Maui_01","Nysius beardsleyi"
"Maui","Maui_01","Nysius beardsleyi"
"Maui","Maui_01","Nysius beardsleyi"
"Maui","Maui_01","Nysius beardsleyi"
"Maui","Maui_01","Nysius beardsleyi"
"Maui","Maui_01","Neseis haleakalae"
"Maui","Maui_01","Neseis haleakalae"
"Maui","Maui_01","Drosophila lemniscata"
"Maui","Maui_01","Drosophila lemniscata"
"Maui","Maui_01","Drosophila disticha"
"Maui","Maui_01","Drosophila disticha"
"Maui","Maui_01","Eurynogaster spiniger"
"Maui","Maui_01","Eurynogaster spiniger"
"Maui","Maui_01","Eurynogaster spiniger"
"Maui","Maui_01","Leucania striata"
"Maui","Maui_01","Leucania striata"
"Maui","Maui_01","Leucania striata"
"Maui","Maui_01","Leucania striata"
"Maui","Maui_01","Leucania striata"
"Maui","Maui_01","Leucania striata"
"Maui","Maui_01","Leucania striata"
"Maui","Maui_01","Leucania striata"
"Maui","Maui_01","Leucania striata"
"Maui","Maui_01","Leucania striata"
"Maui","Maui_01","Leucania striata"
"Maui","Maui_01","Leucania striata"
"Maui","Maui_01","Leucania striata"
"Maui","Maui_01","Leucania striata"
"Maui","Maui_01","Leucania striata"
"Maui","Maui_01","Leucania striata"
"Maui","Maui_01","Neoclytarlus railliardiae"
"Maui","Maui_01","Myllaena vicina"
"Maui","Maui_01","Atheta coriaria"
"Maui","Maui_01","Hofmannophila pseudospretella"
"Maui","Maui_01","Hofmannophila pseudospretella"
"Maui","Maui_01","Hofmannophila pseudospretella"
"Maui","Maui_01","Hofmannophila pseudospretella"
"Maui","Maui_01","Hofmannophila pseudospretella"
"Maui","Maui_01","Prognathogryllus kukui"
"Maui","Maui_01","Prognathogryllus kukui"
"Maui","Maui_01","Prognathogryllus kukui"
"Maui","Maui_01","Prognathogryllus kukui"
"Maui","Maui_01","Prognathogryllus kukui"
"Maui","Maui_01","Phenacoccus madeirensis"
"Maui","Maui_01","Phenacoccus madeirensis"
"Maui","Maui_01","Phenacoccus madeirensis"
"Maui","Maui_01","Phenacoccus madeirensis"
"Maui","Maui_01","Phenacoccus madeirensis"
"Maui","Maui_01","Phenacoccus madeirensis"
"Maui","Maui_01","Phenacoccus madeirensis"
"Maui","Maui_01","Phenacoccus madeirensis"
"Maui","Maui_01","Phenacoccus madeirensis"
"Maui","Maui_01","Proterhinus ruficollis"
"Maui","Maui_01","Proterhinus ruficollis"
"Maui","Maui_01","Proterhinus ruficollis"
"Maui","Maui_01","Proterhinus ruficollis"
"Maui","Maui_01","Proterhinus ruficollis"
"Maui","Maui_01","Cheiracanthium diversum"
"Maui","Maui_01","Cheiracanthium diversum"
"Maui","Maui_01","Cheiracanthium diversum"
"Maui","Maui_01","Cheiracanthium diversum"
"Maui","Maui_01","Cheiracanthium diversum"
"Maui","Maui_01","Cheiracanthium diversum"
"Maui","Maui_01","Cydia plicata"
"Maui","Maui_01","Cydia plicata"
"Maui","Maui_01","Cydia plicata"
"Maui","Maui_01","Cydia plicata"
"Maui","Maui_01","Remaudiereana nigriceps"
"Maui","Maui_01","Remaudiereana nigriceps"
"Maui","Maui_01","Remaudiereana nigriceps"
"Maui","Maui_01","Remaudiereana nigriceps"
"Maui","Maui_01","Remaudiereana nigriceps"
"Maui","Maui_01","Metaphycus lounsburyi"
"Maui","Maui_01","Metaphycus lounsburyi"
"Maui","Maui_01","Metaphycus lounsburyi"
"Maui","Maui_01","Metaphycus lounsburyi"
"Maui","Maui_01","Metaphycus lounsburyi"
"Maui","Maui_01","Metaphycus lounsburyi"
"Maui","Maui_01","Metaphycus lounsburyi"
"Maui","Maui_01","Udea heterodoxa"
"Maui","Maui_01","Udea heterodoxa"
"Maui","Maui_01","Udea heterodoxa"
"Maui","Maui_01","Udea heterodoxa"
"Maui","Maui_01","Udea heterodoxa"
"Maui","Maui_01","Udea heterodoxa"
"Maui","Maui_01","Udea heterodoxa"
"Maui","Maui_01","Hylaeus facilis"
"Maui","Maui_01","Hylaeus facilis"
"Maui","Maui_01","Hylaeus facilis"
"Maui","Maui_01","Hylaeus facilis"
"Maui","Maui_01","Hylaeus facilis"
"Maui","Maui_01","Hylaeus facilis"
"Maui","Maui_01","Hylaeus facilis"
"Maui","Maui_01","Hylaeus facilis"
"Maui","Maui_01","Hylaeus facilis"
"Maui","Maui_01","Hylaeus facilis"
"Maui","Maui_01","Hylaeus facilis"
"Maui","Maui_01","Hylaeus facilis"
"Maui","Maui_01","Hylaeus facilis"
"Maui","Maui_01","Hylaeus facilis"
"Maui","Maui_01","Hylaeus facilis"
"Maui","Maui_01","Plagithmysus simillimus"
"Maui","Maui_01","Plagithmysus simillimus"
"Maui","Maui_01","Plagithmysus simillimus"
"Maui","Maui_01","Macrosiphum solanifolii"
"Maui","Maui_01","Macrosiphum solanifolii"
"Maui","Maui_01","Orthezia insignis"
"Maui","Maui_01","Orthezia insignis"
"Maui","Maui_01","Orthezia insignis"
"Maui","Maui_01","Anisolabis eteronoma"
"Maui","Maui_01","Omiodes blackburni"
"Maui","Maui_01","Omiodes blackburni"
"Maui","Maui_01","Pentamerismus oregonensis"
"Maui","Maui_01","Pentamerismus oregonensis"
"Maui","Maui_01","Pentamerismus oregonensis"
"Maui","Maui_01","Pentamerismus oregonensis"
"Maui","Maui_01","Pentamerismus oregonensis"
"Maui","Maui_01","Pentamerismus oregonensis"
"Maui","Maui_01","Pentamerismus oregonensis"
"Maui","Maui_01","Pentamerismus oregonensis"
"Maui","Maui_01","Trigonidium pseudokua"
"Maui","Maui_01","Trigonidium pseudokua"
"Maui","Maui_01","Sinella kukae"
"Maui","Maui_01","Sinella kukae"
"Maui","Maui_01","Sigmatineurum nigrum"
"Maui","Maui_01","Lispocephala pollinosa"
"Maui","Maui_01","Lispocephala pollinosa"
"Maui","Maui_01","Liancalus metallicus"
"Maui","Maui_01","Liancalus metallicus"
"Maui","Maui_01","Liancalus metallicus"
"Maui","Maui_01","Liancalus metallicus"
"Maui","Maui_01","Liancalus metallicus"
"Maui","Maui_01","Liancalus metallicus"
"Maui","Maui_01","Athesapeuta cyperi"
"Maui","Maui_01","Athesapeuta cyperi"
"Maui","Maui_01","Athesapeuta cyperi"
"Maui","Maui_01","Athesapeuta cyperi"
"Maui","Maui_01","Athesapeuta cyperi"
"Maui","Maui_01","Athesapeuta cyperi"
"Maui","Maui_01","Athesapeuta cyperi"
"Maui","Maui_01","Athesapeuta cyperi"
"Maui","Maui_01","Emperoptera zimmermani"
"Maui","Maui_01","Emperoptera zimmermani"
"Maui","Maui_01","Emperoptera zimmermani"
"Maui","Maui_01","Emperoptera zimmermani"
"Maui","Maui_01","Hyposmocoma diffusa"
"Maui","Maui_01","Hyposmocoma diffusa"
"Maui","Maui_01","Hyposmocoma diffusa"
"Maui","Maui_01","Hyposmocoma scepticella"
"Maui","Maui_01","Hyposmocoma scepticella"
"Maui","Maui_01","Xyleborinus saxeseni"
"Maui","Maui_01","Phaeogramma vittipennis"
"Maui","Maui_01","Phaeogramma vittipennis"
"Maui","Maui_01","Phaeogramma vittipennis"
"Maui","Maui_01","Nesiomiris cheliferus"
"Maui","Maui_01","Nesiomiris cheliferus"
"Maui","Maui_01","Nesiomiris cheliferus"
"Maui","Maui_01","Nesiomiris cheliferus"
"Maui","Maui_01","Anax strenuus"
"Maui","Maui_01","Anax strenuus"
"Maui","Maui_01","Atelothrus limbatus"
"Maui","Maui_01","Atelothrus limbatus"
"Maui","Maui_01","Atelothrus limbatus"
"Maui","Maui_01","Pachodynerus nasidens"
"Maui","Maui_01","Pachodynerus nasidens"
"Maui","Maui_01","Agrotis tephrias"
"Maui","Maui_01","Agrotis tephrias"
"Maui","Maui_01","Agrotis tephrias"
"Maui","Maui_01","Agrotis tephrias"
"Maui","Maui_01","Circulifer tenellus"
"Maui","Maui_01","Circulifer tenellus"
"Maui","Maui_01","Circulifer tenellus"
"Maui","Maui_01","Barypristus incendiarius"
"Maui","Maui_01","Barypristus incendiarius"
"Maui","Maui_01","Barypristus incendiarius"
"Maui","Maui_01","Barypristus incendiarius"
"Maui","Maui_01","Barypristus incendiarius"
"Maui","Maui_01","Neseis ampliata"
"Maui","Maui_01","Neseis ampliata"
"Maui","Maui_01","Neseis ampliata"
"Maui","Maui_01","Proterhinus tuberculiceps"
"Maui","Maui_01","Proterhinus tuberculiceps"
"Maui","Maui_01","Proterhinus tuberculiceps"
"Maui","Maui_01","Brontolaemus currax mauiensis"
"Maui","Maui_01","Brontolaemus currax mauiensis"
"Maui","Maui_01","Brontolaemus currax mauiensis"
"Maui","Maui_01","Brontolaemus currax mauiensis"
"Maui","Maui_01","Lispinodes mauiensis"
"Maui","Maui_01","Lispinodes mauiensis"
"Maui","Maui_01","Lispinodes mauiensis"
"Maui","Maui_01","Lispinodes mauiensis"
"Maui","Maui_01","Lispinodes mauiensis"
"Maui","Maui_01","Lispinodes mauiensis"
"Maui","Maui_01","Eupetinus laevigatus"
"Maui","Maui_01","Eupetinus laevigatus"
"Maui","Maui_01","Colpodiscus lucipetens"
"Maui","Maui_01","Colpodiscus lucipetens"
"Maui","Maui_01","Colpodiscus lucipetens"
"Maui","Maui_01","Scatella femoralis"
"Maui","Maui_01","Scatella femoralis"
"Maui","Maui_01","Hyposmocoma bitincta"
"Maui","Maui_01","Hyposmocoma bitincta"
"Maui","Maui_01","Hyposmocoma bitincta"
"Maui","Maui_01","Hyposmocoma bitincta"
"Maui","Maui_01","Hyposmocoma bitincta"
"Maui","Maui_01","Odynerus erythrostactes"
"Maui","Maui_01","Odynerus erythrostactes"
"Maui","Maui_01","Pectinophora gossypiella"
"Maui","Maui_01","Pectinophora gossypiella"
"Maui","Maui_01","Pectinophora gossypiella"
"Maui","Maui_01","Pectinophora gossypiella"
"Maui","Maui_01","Pectinophora gossypiella"
"Maui","Maui_01","Pectinophora gossypiella"
"Maui","Maui_01","Pectinophora gossypiella"
"Maui","Maui_01","Pectinophora gossypiella"
"Maui","Maui_01","Nesosydne blackburni"
"Maui","Maui_01","Nesosydne blackburni"
"Maui","Maui_01","Nesosydne blackburni"
"Maui","Maui_01","Nesosydne blackburni"
"Maui","Maui_01","Nesosydne blackburni"
"Maui","Maui_01","Nesosydne blackburni"
"Maui","Maui_01","Cremastus flavoorbitalis"
"Maui","Maui_01","Cremastus flavoorbitalis"
"Maui","Maui_01","Cremastus flavoorbitalis"
"Maui","Maui_01","Cremastus flavoorbitalis"
"Maui","Maui_01","Cremastus flavoorbitalis"
"Maui","Maui_01","Diestota occidentalis"
"Maui","Maui_01","Diestota occidentalis"
"Maui","Maui_01","Diestota occidentalis"
"Maui","Maui_01","Diestota occidentalis"
"Maui","Maui_01","Diestota occidentalis"
"Maui","Maui_01","Scaptomyza nasalis"
"Maui","Maui_01","Scaptomyza nasalis"
"Maui","Maui_01","Scaptomyza nasalis"
"Maui","Maui_01","Abanchogastra debilis"
"Maui","Maui_01","Abanchogastra debilis"
"Maui","Maui_01","Abanchogastra debilis"
"Maui","Maui_01","Abanchogastra debilis"
"Maui","Maui_01","Pararrhaptica perkinsana"
"Maui","Maui_01","Pararrhaptica perkinsana"
"Maui","Maui_01","Pararrhaptica perkinsana"
"Maui","Maui_01","Pararrhaptica perkinsana"
"Maui","Maui_01","Pararrhaptica perkinsana"
"Maui","Maui_01","Pararrhaptica perkinsana"
"Maui","Maui_01","Pararrhaptica perkinsana"
"Maui","Maui_01","Pararrhaptica perkinsana"
"Maui","Maui_01","Pararrhaptica perkinsana"
"Maui","Maui_01","Tetragnatha macracantha"
"Maui","Maui_01","Tetragnatha macracantha"
"Maui","Maui_01","Tetragnatha macracantha"
"Maui","Maui_01","Tetragnatha macracantha"
"Maui","Maui_01","Aedes albopictus"
"Maui","Maui_01","Aedes albopictus"
"Maui","Maui_01","Aedes albopictus"
"Maui","Maui_01","Aedes albopictus"
"Maui","Maui_01","Aedes albopictus"
"Maui","Maui_01","Aedes albopictus"
"Maui","Maui_01","Aedes albopictus"
"Maui","Maui_01","Aedes albopictus"
"Maui","Maui_01","Tetramorium tonganum"
"Maui","Maui_01","Tetramorium tonganum"
"Maui","Maui_01","Trigonidium wahoi"
"Maui","Maui_01","Trigonidium wahoi"
"Maui","Maui_01","Trigonidium wahoi"
"Maui","Maui_01","Trigonidium wahoi"
"Maui","Maui_01","Trigonidium wahoi"
"Maui","Maui_01","Trigonidium wahoi"
"Maui","Maui_01","Nabis koelensis"
"Maui","Maui_01","Nabis koelensis"
"Maui","Maui_01","Plagithmysus medeirosi"
"Maui","Maui_01","Plagithmysus medeirosi"
"Maui","Maui_01","Plagithmysus medeirosi"
"Maui","Maui_01","Plagithmysus medeirosi"
"Maui","Maui_01","Syntormon distortitarsis"
"Maui","Maui_01","Syntormon distortitarsis"
"Maui","Maui_01","Syntormon distortitarsis"
"Maui","Maui_01","Sierola mauiensis"
"Maui","Maui_01","Sierola mauiensis"
"Maui","Maui_01","Dyscritomyia grimshawi"
"Maui","Maui_01","Dyscritomyia grimshawi"
"Maui","Maui_01","Dyscritomyia grimshawi"
"Maui","Maui_01","Dyscritomyia grimshawi"
"Maui","Maui_01","Scaptomyza pallifrons"
"Maui","Maui_01","Scaptomyza pallifrons"
"Maui","Maui_01","Scaptomyza pallifrons"
"Maui","Maui_01","Scaptomyza pallifrons"
"Maui","Maui_01","Scaptomyza pallifrons"
"Maui","Maui_01","Scaptomyza pallifrons"
"Maui","Maui_01","Scaptomyza pallifrons"
"Maui","Maui_01","Scaptomyza pallifrons"
"Maui","Maui_01","Scaptomyza pallifrons"
"Maui","Maui_01","Scaptomyza pallifrons"
"Maui","Maui_01","Balclutha timberlakei"
"Maui","Maui_01","Balclutha timberlakei"
"Maui","Maui_01","Balclutha timberlakei"
"Maui","Maui_01","Balclutha timberlakei"
"Maui","Maui_01","Balclutha timberlakei"
"Maui","Maui_01","Balclutha timberlakei"
"Maui","Maui_01","Balclutha timberlakei"
"Maui","Maui_01","Balclutha timberlakei"
"Maui","Maui_01","Balclutha timberlakei"
"Maui","Maui_01","Balclutha timberlakei"
"Maui","Maui_01","Araecerus fasciculatus"
"Maui","Maui_01","Araecerus fasciculatus"
"Maui","Maui_01","Nysius longicollis"
"Maui","Maui_01","Nysius longicollis"
"Maui","Maui_01","Proterhinus haleakalae"
"Maui","Maui_01","Proterhinus haleakalae"
"Maui","Maui_01","Proterhinus haleakalae"
"Maui","Maui_01","Proterhinus haleakalae"
"Maui","Maui_01","Proterhinus haleakalae"
"Maui","Maui_01","Proterhinus haleakalae"
"Maui","Maui_01","Proterhinus haleakalae"
"Maui","Maui_01","Proterhinus haleakalae"
"Maui","Maui_01","Proterhinus haleakalae"
"Maui","Maui_01","Proterhinus haleakalae"
"Maui","Maui_01","Proterhinus haleakalae"
"Maui","Maui_01","Proterhinus haleakalae"
"Maui","Maui_01","Proterhinus haleakalae"
"Maui","Maui_01","Proterhinus haleakalae"
"Maui","Maui_01","Proterhinus haleakalae"
"Maui","Maui_01","Proterhinus haleakalae"
"Maui","Maui_01","Campsicnemus macula"
"Maui","Maui_01","Campsicnemus macula"
"Maui","Maui_01","Campsicnemus macula"
"Maui","Maui_01","Campsicnemus macula"
"Maui","Maui_01","Campsicnemus macula"
"Maui","Maui_01","Fornax longicornis"
"Maui","Maui_01","Fornax longicornis"
"Maui","Maui_01","Fornax longicornis"
"Maui","Maui_01","Fornax longicornis"
"Maui","Maui_01","Fornax longicornis"
"Maui","Maui_01","Fornax longicornis"
"Maui","Maui_01","Fornax longicornis"
"Maui","Maui_01","Fornax longicornis"
"Maui","Maui_01","Fornax longicornis"
"Maui","Maui_01","Fornax longicornis"
"Maui","Maui_01","Fornax longicornis"
"Maui","Maui_01","Scotorythra brunnea"
"Maui","Maui_01","Scotorythra brunnea"
"Maui","Maui_01","Scotorythra brunnea"
"Maui","Maui_01","Hierodula patellifera"
"Maui","Maui_01","Hierodula patellifera"
"Maui","Maui_01","Hierodula patellifera"
"Maui","Maui_01","Batrachedrodes supercincta"
"Maui","Maui_01","Batrachedrodes supercincta"
"Maui","Maui_01","Batrachedrodes supercincta"
"Maui","Maui_01","Batrachedrodes supercincta"
"Maui","Maui_01","Batrachedrodes supercincta"
"Maui","Maui_01","Nysius kinbergi"
"Maui","Maui_01","Eupetinus latimargo"
"Maui","Maui_01","Eupetinus latimargo"
"Maui","Maui_01","Eupetinus latimargo"
"Maui","Maui_01","Eupetinus latimargo"
"Maui","Maui_01","Athetis thoracica"
"Maui","Maui_01","Athetis thoracica"
"Maui","Maui_01","Leialoha mauiensis"
"Maui","Maui_01","Leialoha mauiensis"
"Maui","Maui_01","Leialoha mauiensis"
"Maui","Maui_01","Leialoha mauiensis"
"Maui","Maui_01","Leialoha mauiensis"
"Maui","Maui_01","Leialoha mauiensis"
"Maui","Maui_01","Leialoha mauiensis"
"Maui","Maui_01","Leialoha mauiensis"
"Maui","Maui_01","Leialoha mauiensis"
"Maui","Maui_01","Leialoha mauiensis"
"Maui","Maui_01","Leialoha mauiensis"
"Maui","Maui_01","Leialoha mauiensis"
"Maui","Maui_01","Leialoha mauiensis"
"Maui","Maui_01","Mecyclothorax rusticus"
"Maui","Maui_01","Mecyclothorax rusticus"
"Maui","Maui_01","Mecyclothorax rusticus"
"Maui","Maui_01","Mecyclothorax rusticus"
"Maui","Maui_01","Mecyclothorax rusticus"
"Maui","Maui_01","Entomobrya albocincta"
"Maui","Maui_01","Entomobrya albocincta"
"Maui","Maui_01","Entomobrya albocincta"
"Maui","Maui_01","Entomobrya albocincta"
"Maui","Maui_01","Drosophila mediana"
"Maui","Maui_01","Drosophila mediana"
"Maui","Maui_01","Drosophila mediana"
"Maui","Maui_01","Philodoria dubauticola"
"Maui","Maui_01","Philodoria dubauticola"
"Maui","Maui_01","Philodoria dubauticola"
"Maui","Maui_01","Philodoria dubauticola"
"Maui","Maui_01","Philodoria dubauticola"
"Maui","Maui_01","Philodoria dubauticola"
"Maui","Maui_01","Philodoria dubauticola"
"Maui","Maui_01","Philodoria dubauticola"
"Maui","Maui_01","Philodoria dubauticola"
"Maui","Maui_01","Tetragnatha hawaiensis"
"Maui","Maui_01","Tetragnatha hawaiensis"
"Maui","Maui_01","Tetragnatha hawaiensis"
"Maui","Maui_01","Tetragnatha quasimodo"
"Maui","Maui_01","Tetragnatha quasimodo"
"Maui","Maui_01","Phlyctaenia liopis"
"Maui","Maui_01","Vanessa tameamea"
"Maui","Maui_01","Scaptomyza exigua"
"Maui","Maui_01","Scaptomyza exigua"
"Maui","Maui_01","Scaptomyza exigua"
"Maui","Maui_01","Adelencyrtus odonaspidis"
"Maui","Maui_01","Adelencyrtus odonaspidis"
"Maui","Maui_01","Heterocrossa atronotata"
"Maui","Maui_01","Heterocrossa atronotata"
"Maui","Maui_01","Aphidius obscuripes"
"Maui","Maui_01","Aphidius obscuripes"
"Maui","Maui_01","Aphidius obscuripes"
"Maui","Maui_01","Aphidius obscuripes"
"Maui","Maui_01","Aphidius obscuripes"
"Maui","Maui_01","Psallus luteus"
"Maui","Maui_01","Plagithmysus smilacis"
"Maui","Maui_01","Plagithmysus smilacis"
"Maui","Maui_01","Plagithmysus smilacis"
"Maui","Maui_01","Plagithmysus smilacis"
"Maui","Maui_01","Plagithmysus smilacis"
"Maui","Maui_01","Plagithmysus smilacis"
"Maui","Maui_01","Drosophila truncipenna"
"Maui","Maui_01","Drosophila truncipenna"
"Maui","Maui_01","Drosophila truncipenna"
"Maui","Maui_01","Lispocephala deceptiva"
"Maui","Maui_01","Lispocephala deceptiva"
"Maui","Maui_01","Lispocephala deceptiva"
"Maui","Maui_01","Cardiocondyla wroughtonii"
"Maui","Maui_01","Cardiocondyla wroughtonii"
"Maui","Maui_01","Cardiocondyla wroughtonii"
"Maui","Maui_01","Cardiocondyla wroughtonii"
"Maui","Maui_01","Cardiocondyla wroughtonii"
"Maui","Maui_01","Cardiocondyla wroughtonii"
"Maui","Maui_01","Cardiocondyla wroughtonii"
"Maui","Maui_01","Amblyseius largoensis"
"Maui","Maui_01","Amblyseius largoensis"
"Maui","Maui_01","Amblyseius largoensis"
"Maui","Maui_01","Amblyseius largoensis"
"Maui","Maui_01","Amblyseius largoensis"
"Maui","Maui_01","Amblyseius largoensis"
"Maui","Maui_01","Amblyseius largoensis"
"Maui","Maui_01","Amblyseius largoensis"
"Maui","Maui_01","Amblyseius largoensis"
"Maui","Maui_01","Amblyseius largoensis"
"Maui","Maui_01","Neoscatella hawaiiensis"
"Maui","Maui_01","Neoscatella hawaiiensis"
"Maui","Maui_01","Drosophila kikkawai"
"Maui","Maui_01","Drosophila kikkawai"
"Maui","Maui_01","Drosophila kikkawai"
"Maui","Maui_01","Drosophila kikkawai"
"Maui","Maui_01","Drosophila kikkawai"
"Maui","Maui_01","Drosophila kikkawai"
"Maui","Maui_01","Drosophila kikkawai"
"Maui","Maui_01","Drosophila kikkawai"
"Maui","Maui_01","Drosophila kikkawai"
"Maui","Maui_01","Drosophila kikkawai"
"Maui","Maui_01","Drosophila kikkawai"
"Maui","Maui_01","Drosophila kikkawai"
"Maui","Maui_01","Drosophila kikkawai"
"Maui","Maui_01","Aleurothrixus floccosus"
"Maui","Maui_01","Aleurothrixus floccosus"
"Maui","Maui_01","Aleurothrixus floccosus"
"Maui","Maui_01","Aleurothrixus floccosus"
"Maui","Maui_01","Aleurothrixus floccosus"
"Maui","Maui_01","Aleurothrixus floccosus"
"Maui","Maui_01","Forcipomyia hardyi"
"Maui","Maui_01","Forcipomyia hardyi"
"Maui","Maui_01","Forcipomyia hardyi"
"Maui","Maui_01","Forcipomyia hardyi"
"Maui","Maui_01","Forcipomyia hardyi"
"Maui","Maui_01","Oligota glabra"
"Maui","Maui_01","Lispocephala ascita"
"Maui","Maui_01","Lispocephala ascita"
"Maui","Maui_01","Lispocephala ascita"
"Maui","Maui_01","Lispocephala subseminigra"
"Maui","Maui_01","Lispocephala subseminigra"
"Maui","Maui_01","Lispocephala subseminigra"
"Maui","Maui_01","Drosophila virilis"
"Maui","Maui_01","Drosophila virilis"
"Maui","Maui_01","Drosophila virilis"
"Maui","Maui_01","Drosophila virilis"
"Maui","Maui_01","Pagiopalus atomarius"
"Maui","Maui_01","Pagiopalus atomarius"
"Maui","Maui_01","Pagiopalus atomarius"
"Maui","Maui_01","Pagiopalus atomarius"
"Maui","Maui_01","Pagiopalus atomarius"
"Maui","Maui_01","Pagiopalus atomarius"
"Maui","Maui_01","Fannia canicularis"
"Maui","Maui_01","Fannia canicularis"
"Maui","Maui_01","Fannia canicularis"
"Maui","Maui_01","Fannia canicularis"
"Maui","Maui_01","Fannia canicularis"
"Maui","Maui_01","Fannia canicularis"
"Maui","Maui_01","Fannia canicularis"
"Maui","Maui_01","Fannia canicularis"
"Maui","Maui_01","Fannia canicularis"
"Maui","Maui_01","Fannia canicularis"
"HawaiiIsland","HawaiiIsland_01","Pedronia cibotii"
"HawaiiIsland","HawaiiIsland_01","Pedronia cibotii"
"HawaiiIsland","HawaiiIsland_01","Pedronia cibotii"
"HawaiiIsland","HawaiiIsland_01","Pedronia cibotii"
"HawaiiIsland","HawaiiIsland_01","Laupala nigra"
"HawaiiIsland","HawaiiIsland_01","Laupala nigra"
"HawaiiIsland","HawaiiIsland_01","Cydia obliqua"
"HawaiiIsland","HawaiiIsland_01","Cydia obliqua"
"HawaiiIsland","HawaiiIsland_01","Cydia obliqua"
"HawaiiIsland","HawaiiIsland_01","Elenchus melanias"
"HawaiiIsland","HawaiiIsland_01","Projectothrips trespinus"
"HawaiiIsland","HawaiiIsland_01","Mestolobes droseropa"
"HawaiiIsland","HawaiiIsland_01","Mestolobes droseropa"
"HawaiiIsland","HawaiiIsland_01","Syrphophagus aphidivorus"
"HawaiiIsland","HawaiiIsland_01","Eupodes sigmoidensis"
"HawaiiIsland","HawaiiIsland_01","Eupodes sigmoidensis"
"HawaiiIsland","HawaiiIsland_01","Eupodes sigmoidensis"
"HawaiiIsland","HawaiiIsland_01","Eupodes sigmoidensis"
"HawaiiIsland","HawaiiIsland_01","Eupodes sigmoidensis"
"HawaiiIsland","HawaiiIsland_01","Eupodes sigmoidensis"
"HawaiiIsland","HawaiiIsland_01","Eupodes sigmoidensis"
"HawaiiIsland","HawaiiIsland_01","Eupodes sigmoidensis"
"HawaiiIsland","HawaiiIsland_01","Xyleborus vulcanus"
"HawaiiIsland","HawaiiIsland_01","Mecyclothorax purpuripennis"
"HawaiiIsland","HawaiiIsland_01","Mecyclothorax purpuripennis"
"HawaiiIsland","HawaiiIsland_01","Mecyclothorax purpuripennis"
"HawaiiIsland","HawaiiIsland_01","Mecyclothorax purpuripennis"
"HawaiiIsland","HawaiiIsland_01","Mecyclothorax purpuripennis"
"HawaiiIsland","HawaiiIsland_01","Mecyclothorax purpuripennis"
"HawaiiIsland","HawaiiIsland_01","Mecyclothorax purpuripennis"
"HawaiiIsland","HawaiiIsland_01","Orthoea vincta"
"HawaiiIsland","HawaiiIsland_01","Orthoea vincta"
"HawaiiIsland","HawaiiIsland_01","Orthoea vincta"
"HawaiiIsland","HawaiiIsland_01","Hypogastrura pahiku"
"HawaiiIsland","HawaiiIsland_01","Hypogastrura pahiku"
"HawaiiIsland","HawaiiIsland_01","Hypogastrura pahiku"
"HawaiiIsland","HawaiiIsland_01","Hypogastrura pahiku"
"HawaiiIsland","HawaiiIsland_01","Dicranomyia hawaiiensis"
"HawaiiIsland","HawaiiIsland_01","Actia eucosmae"
"HawaiiIsland","HawaiiIsland_01","Actia eucosmae"
"HawaiiIsland","HawaiiIsland_01","Actia eucosmae"
"HawaiiIsland","HawaiiIsland_01","Actia eucosmae"
"HawaiiIsland","HawaiiIsland_01","Epiphanis tristis"
"HawaiiIsland","HawaiiIsland_01","Anoplolepis gracilipes"
"HawaiiIsland","HawaiiIsland_01","Anoplolepis gracilipes"
"HawaiiIsland","HawaiiIsland_01","Anoplolepis gracilipes"
"HawaiiIsland","HawaiiIsland_01","Anoplolepis gracilipes"
"HawaiiIsland","HawaiiIsland_01","Anoplolepis gracilipes"
"HawaiiIsland","HawaiiIsland_01","Anomalochrysa fulvescens rhododora"
"HawaiiIsland","HawaiiIsland_01","Anomalochrysa fulvescens rhododora"
"HawaiiIsland","HawaiiIsland_01","Eupelmus paraleucothrix"
"HawaiiIsland","HawaiiIsland_01","Eupelmus paraleucothrix"
"HawaiiIsland","HawaiiIsland_01","Eupelmus paraleucothrix"
"HawaiiIsland","HawaiiIsland_01","Eupelmus paraleucothrix"
"HawaiiIsland","HawaiiIsland_01","Eupelmus paraleucothrix"
"HawaiiIsland","HawaiiIsland_01","Eupelmus paraleucothrix"
"HawaiiIsland","HawaiiIsland_01","Eupelmus paraleucothrix"
"HawaiiIsland","HawaiiIsland_01","Eupelmus paraleucothrix"
"HawaiiIsland","HawaiiIsland_01","Eupelmus paraleucothrix"
"HawaiiIsland","HawaiiIsland_01","Eupelmus paraleucothrix"
"HawaiiIsland","HawaiiIsland_01","Eupelmus paraleucothrix"
"HawaiiIsland","HawaiiIsland_01","Eupelmus paraleucothrix"
"HawaiiIsland","HawaiiIsland_01","Eupelmus paraleucothrix"
"HawaiiIsland","HawaiiIsland_01","Eupelmus paraleucothrix"
"HawaiiIsland","HawaiiIsland_01","Eupelmus paraleucothrix"
"HawaiiIsland","HawaiiIsland_01","Eupelmus paraleucothrix"
"HawaiiIsland","HawaiiIsland_01","Eupelmus paraleucothrix"
"HawaiiIsland","HawaiiIsland_01","Eupelmus paraleucothrix"
"HawaiiIsland","HawaiiIsland_01","Eupelmus paraleucothrix"
"HawaiiIsland","HawaiiIsland_01","Eupelmus paraleucothrix"
"HawaiiIsland","HawaiiIsland_01","Nesogonia blackburni"
"HawaiiIsland","HawaiiIsland_01","Nesogonia blackburni"
"HawaiiIsland","HawaiiIsland_01","Nesogonia blackburni"
"HawaiiIsland","HawaiiIsland_01","Nesogonia blackburni"
"HawaiiIsland","HawaiiIsland_01","Nesogonia blackburni"
"HawaiiIsland","HawaiiIsland_01","Nesogonia blackburni"
"HawaiiIsland","HawaiiIsland_01","Nesogonia blackburni"
"HawaiiIsland","HawaiiIsland_01","Nesogonia blackburni"
"HawaiiIsland","HawaiiIsland_01","Nesogonia blackburni"
"HawaiiIsland","HawaiiIsland_01","Nesogonia blackburni"
"HawaiiIsland","HawaiiIsland_01","Nesogonia blackburni"
"HawaiiIsland","HawaiiIsland_01","Nesogonia blackburni"
"HawaiiIsland","HawaiiIsland_01","Nesogonia blackburni"
"HawaiiIsland","HawaiiIsland_01","Nesogonia blackburni"
"HawaiiIsland","HawaiiIsland_01","Nesogonia blackburni"
"HawaiiIsland","HawaiiIsland_01","Nesogonia blackburni"
"HawaiiIsland","HawaiiIsland_01","Nesogonia blackburni"
"HawaiiIsland","HawaiiIsland_01","Nesogonia blackburni"
"HawaiiIsland","HawaiiIsland_01","Nesogonia blackburni"
"HawaiiIsland","HawaiiIsland_01","Neoscona theisi"
"HawaiiIsland","HawaiiIsland_01","Neoscona theisi"
"HawaiiIsland","HawaiiIsland_01","Neoscona theisi"
"HawaiiIsland","HawaiiIsland_01","Neoscona theisi"
"HawaiiIsland","HawaiiIsland_01","Neoscona theisi"
"HawaiiIsland","HawaiiIsland_01","Tegonotus hibiscella"
"HawaiiIsland","HawaiiIsland_01","Tympanococcus tympanistus"
"HawaiiIsland","HawaiiIsland_01","Psilopa olga"
"HawaiiIsland","HawaiiIsland_01","Psilopa olga"
"HawaiiIsland","HawaiiIsland_01","Psilopa olga"
"HawaiiIsland","HawaiiIsland_01","Pilorhagidia hirsuta"
"HawaiiIsland","HawaiiIsland_01","Acanthia procellaris"
"HawaiiIsland","HawaiiIsland_01","Acanthia procellaris"
"HawaiiIsland","HawaiiIsland_01","Acanthia procellaris"
"HawaiiIsland","HawaiiIsland_01","Carphuroides pectinatus"
"HawaiiIsland","HawaiiIsland_01","Carphuroides pectinatus"
"HawaiiIsland","HawaiiIsland_01","Carphuroides pectinatus"
"HawaiiIsland","HawaiiIsland_01","Carphuroides pectinatus"
"HawaiiIsland","HawaiiIsland_01","Carphuroides pectinatus"
"HawaiiIsland","HawaiiIsland_01","Carphuroides pectinatus"
"HawaiiIsland","HawaiiIsland_01","Carphuroides pectinatus"
"HawaiiIsland","HawaiiIsland_01","Fannia canicularis"
"HawaiiIsland","HawaiiIsland_01","Ophiusa disjungens"
"HawaiiIsland","HawaiiIsland_01","Ophiusa disjungens"
"HawaiiIsland","HawaiiIsland_01","Lispocephala fuscobrunnea"
"HawaiiIsland","HawaiiIsland_01","Lispocephala fuscobrunnea"
"HawaiiIsland","HawaiiIsland_01","Notoedres cati"
"HawaiiIsland","HawaiiIsland_01","Notoedres cati"
"HawaiiIsland","HawaiiIsland_01","Notoedres cati"
"HawaiiIsland","HawaiiIsland_01","Notoedres cati"
"HawaiiIsland","HawaiiIsland_01","Notoedres cati"
"HawaiiIsland","HawaiiIsland_01","Notoedres cati"
"HawaiiIsland","HawaiiIsland_01","Notoedres cati"
"HawaiiIsland","HawaiiIsland_01","Notoedres cati"
"HawaiiIsland","HawaiiIsland_01","Notoedres cati"
"HawaiiIsland","HawaiiIsland_01","Listroderes costirostris"
"HawaiiIsland","HawaiiIsland_01","Listroderes costirostris"
"HawaiiIsland","HawaiiIsland_01","Listroderes costirostris"
"HawaiiIsland","HawaiiIsland_01","Listroderes costirostris"
"HawaiiIsland","HawaiiIsland_01","Listroderes costirostris"
"HawaiiIsland","HawaiiIsland_01","Listroderes costirostris"
"HawaiiIsland","HawaiiIsland_01","Listroderes costirostris"
"HawaiiIsland","HawaiiIsland_01","Listroderes costirostris"
"HawaiiIsland","HawaiiIsland_01","Listroderes costirostris"
"HawaiiIsland","HawaiiIsland_01","Listroderes costirostris"
"HawaiiIsland","HawaiiIsland_01","Listroderes costirostris"
"HawaiiIsland","HawaiiIsland_01","Listroderes costirostris"
"HawaiiIsland","HawaiiIsland_01","Listroderes costirostris"
"HawaiiIsland","HawaiiIsland_01","Omiodes anastrepta"
"HawaiiIsland","HawaiiIsland_01","Omiodes anastrepta"
"HawaiiIsland","HawaiiIsland_01","Omiodes anastrepta"
"HawaiiIsland","HawaiiIsland_01","Omiodes anastrepta"
"HawaiiIsland","HawaiiIsland_01","Omiodes anastrepta"
"HawaiiIsland","HawaiiIsland_01","Omiodes anastrepta"
"HawaiiIsland","HawaiiIsland_01","Omiodes anastrepta"
"HawaiiIsland","HawaiiIsland_01","Omiodes anastrepta"
"HawaiiIsland","HawaiiIsland_01","Omiodes anastrepta"
"HawaiiIsland","HawaiiIsland_01","Omiodes anastrepta"
"HawaiiIsland","HawaiiIsland_01","Echthromorpha fuscator"
"HawaiiIsland","HawaiiIsland_01","Echthromorpha fuscator"
"HawaiiIsland","HawaiiIsland_01","Echthromorpha fuscator"
"HawaiiIsland","HawaiiIsland_01","Echthromorpha fuscator"
"HawaiiIsland","HawaiiIsland_01","Trigonidium kona"
"HawaiiIsland","HawaiiIsland_01","Trigonidium kona"
"HawaiiIsland","HawaiiIsland_01","Trigonidium kona"
"HawaiiIsland","HawaiiIsland_01","Trigonidium kona"
"HawaiiIsland","HawaiiIsland_01","Trigonidium kona"
"HawaiiIsland","HawaiiIsland_01","Trigonidium kona"
"HawaiiIsland","HawaiiIsland_01","Trigonidium kona"
"HawaiiIsland","HawaiiIsland_01","Trigonidium kona"
"HawaiiIsland","HawaiiIsland_01","Trigonidium kona"
"HawaiiIsland","HawaiiIsland_01","Trigonidium kona"
"HawaiiIsland","HawaiiIsland_01","Trigonidium kona"
"HawaiiIsland","HawaiiIsland_01","Trigonidium kona"
"HawaiiIsland","HawaiiIsland_01","Trigonidium kona"
"HawaiiIsland","HawaiiIsland_01","Trigonidium kona"
"HawaiiIsland","HawaiiIsland_01","Trigonidium kona"
"HawaiiIsland","HawaiiIsland_01","Trigonidium kona"
"HawaiiIsland","HawaiiIsland_01","Drosophila lepidobregma"
"HawaiiIsland","HawaiiIsland_01","Drosophila lepidobregma"
"HawaiiIsland","HawaiiIsland_01","Drosophila lepidobregma"
"HawaiiIsland","HawaiiIsland_01","Aphis citricola"
"HawaiiIsland","HawaiiIsland_01","Aphis citricola"
"HawaiiIsland","HawaiiIsland_01","Aphis citricola"
"HawaiiIsland","HawaiiIsland_01","Chlorichaeta albipennis"
"HawaiiIsland","HawaiiIsland_01","Chlorichaeta albipennis"
"HawaiiIsland","HawaiiIsland_01","Cillaeopeplus dubius"
"HawaiiIsland","HawaiiIsland_01","Cillaeopeplus dubius"
"HawaiiIsland","HawaiiIsland_01","Piophila casei"
"HawaiiIsland","HawaiiIsland_01","Cis nudipennis"
"HawaiiIsland","HawaiiIsland_01","Cis nudipennis"
"HawaiiIsland","HawaiiIsland_01","Nysius montivagus"
"HawaiiIsland","HawaiiIsland_01","Nysius montivagus"
"HawaiiIsland","HawaiiIsland_01","Nysius montivagus"
"HawaiiIsland","HawaiiIsland_01","Nysius montivagus"
"HawaiiIsland","HawaiiIsland_01","Nysius montivagus"
"HawaiiIsland","HawaiiIsland_01","Nysius montivagus"
"HawaiiIsland","HawaiiIsland_01","Nysius montivagus"
"HawaiiIsland","HawaiiIsland_01","Nysius montivagus"
"HawaiiIsland","HawaiiIsland_01","Nysius montivagus"
"HawaiiIsland","HawaiiIsland_01","Nysius montivagus"
"HawaiiIsland","HawaiiIsland_01","Pauahiana lineata"
"HawaiiIsland","HawaiiIsland_01","Carulaspis minima"
"HawaiiIsland","HawaiiIsland_01","Notiphila insularis"
"HawaiiIsland","HawaiiIsland_01","Pediobius wilderi"
"HawaiiIsland","HawaiiIsland_01","Pediobius wilderi"
"HawaiiIsland","HawaiiIsland_01","Pediobius wilderi"
"HawaiiIsland","HawaiiIsland_01","Pediobius wilderi"
"HawaiiIsland","HawaiiIsland_01","Pediobius wilderi"
"HawaiiIsland","HawaiiIsland_01","Pediobius wilderi"
"HawaiiIsland","HawaiiIsland_01","Hedylepta blackburni"
"HawaiiIsland","HawaiiIsland_01","Hedylepta blackburni"
"HawaiiIsland","HawaiiIsland_01","Hedylepta blackburni"
"HawaiiIsland","HawaiiIsland_01","Hedylepta blackburni"
"HawaiiIsland","HawaiiIsland_01","Hedylepta blackburni"
"HawaiiIsland","HawaiiIsland_01","Scaptomyza adunca"
"HawaiiIsland","HawaiiIsland_01","Scaptomyza adunca"
"HawaiiIsland","HawaiiIsland_01","Scaptomyza adunca"
"HawaiiIsland","HawaiiIsland_01","Scaptomyza adunca"
"HawaiiIsland","HawaiiIsland_01","Scaptomyza adunca"
"HawaiiIsland","HawaiiIsland_01","Scaptomyza adunca"
"HawaiiIsland","HawaiiIsland_01","Scaptomyza adunca"
"HawaiiIsland","HawaiiIsland_01","Scaptomyza adunca"
"HawaiiIsland","HawaiiIsland_01","Scaptomyza adunca"
"HawaiiIsland","HawaiiIsland_01","Scaptomyza adunca"
"HawaiiIsland","HawaiiIsland_01","Scaptomyza adunca"
"HawaiiIsland","HawaiiIsland_01","Scaptomyza adunca"
"HawaiiIsland","HawaiiIsland_01","Scaptomyza adunca"
"HawaiiIsland","HawaiiIsland_01","Scaptomyza adunca"
"HawaiiIsland","HawaiiIsland_01","Scaptomyza adunca"
"HawaiiIsland","HawaiiIsland_01","Scaptomyza adunca"
"HawaiiIsland","HawaiiIsland_01","Scaptomyza adunca"
"HawaiiIsland","HawaiiIsland_01","Scaptomyza adunca"
"HawaiiIsland","HawaiiIsland_01","Scaptomyza adunca"
"HawaiiIsland","HawaiiIsland_01","Scaptomyza adunca"
"HawaiiIsland","HawaiiIsland_01","Anurophorus lohi"
"HawaiiIsland","HawaiiIsland_01","Anurophorus lohi"
"HawaiiIsland","HawaiiIsland_01","Myllaena pacifica"
"HawaiiIsland","HawaiiIsland_01","Drosophila perkinsi"
"HawaiiIsland","HawaiiIsland_01","Drosophila perkinsi"
"HawaiiIsland","HawaiiIsland_01","Drosophila perkinsi"
"HawaiiIsland","HawaiiIsland_01","Drosophila perkinsi"
"HawaiiIsland","HawaiiIsland_01","Paratrechina bourbonica"
"HawaiiIsland","HawaiiIsland_01","Paratrechina bourbonica"
"HawaiiIsland","HawaiiIsland_01","Paratrechina bourbonica"
"HawaiiIsland","HawaiiIsland_01","Paratrechina bourbonica"
"HawaiiIsland","HawaiiIsland_01","Paratrechina bourbonica"
"HawaiiIsland","HawaiiIsland_01","Paratrechina bourbonica"
"HawaiiIsland","HawaiiIsland_01","Ilburnia coprosmicola"
"HawaiiIsland","HawaiiIsland_01","Heteropsylla cubana"
"HawaiiIsland","HawaiiIsland_01","Heteropsylla cubana"
"HawaiiIsland","HawaiiIsland_01","Carposina achroana"
"HawaiiIsland","HawaiiIsland_01","Nesomimesa hawaiiensis"
"HawaiiIsland","HawaiiIsland_01","Phytoseius hawaiiensis"
"HawaiiIsland","HawaiiIsland_01","Phytoseius hawaiiensis"
"HawaiiIsland","HawaiiIsland_01","Cis insulicola"
"HawaiiIsland","HawaiiIsland_01","Metaphycus anneckei"
"HawaiiIsland","HawaiiIsland_01","Plagithmysus laticollis"
